word,df,idf,id_subtopic
effect,79,1.677,1
magnet,68,1.825,1
use,85,1.605,1
thin,95,2.183,2
film,198,1.454,2
method,80,2.353,2
properti,319,0.979,2
mechan,112,2.02,2
prepar,57,2.687,2
effect,180,1.549,2
studi,109,2.047,2
materi,50,2.816,2
structur,191,1.49,2
optic,55,2.722,2
use,88,2.259,2
temperatur,53,2.759,2
base,50,2.816,2
calcul,71,2.471,2
electron,68,2.513,2
magnet,68,2.513,2
synthesi,55,1.877,3
effect,52,1.932,3
ion,61,1.775,3
studi,202,0.6,4
ion,115,1.189,5
enhanc,136,2.473,6
water,71,3.117,6
surfac,59,3.299,6
tio2,103,2.749,6
prepar,137,2.466,6
method,157,2.331,6
synthesi,158,2.324,6
character,149,2.383,6
composit,83,2.962,6
membran,340,1.561,6
applic,89,2.893,6
properti,169,2.257,6
polym,164,2.287,6
electrolyt,56,3.35,6
effect,210,2.041,6
solid,58,3.316,6
chitosan,60,3.282,6
cell,57,3.333,6
cellulos,74,3.076,6
oxid,59,3.299,6
improv,70,3.131,6
perform,84,2.951,6
morpholog,66,3.189,6
analysi,58,3.316,6
base,89,2.893,6
separ,83,2.962,6
carbon,116,2.631,6
treatment,57,3.333,6
use,310,1.653,6
natur,53,3.404,6
system,100,2.778,6
studi,88,2.905,6
activ,53,3.404,6
metal,56,3.35,6
process,65,3.204,6
thin,50,3.461,6
film,100,2.778,6
coat,70,3.131,6
nanoparticl,90,2.882,6
optic,78,3.024,6
optim,54,3.386,6
rate,51,3.442,6
acid,104,2.739,6
product,50,3.461,6
solvent,64,3.219,6
absorpt,66,3.189,6
co2,58,3.316,6
structur,61,3.266,6
dissolut,60,3.282,6
addit,57,3.333,6
prepar,51,2.122,7
use,91,1.551,7
adsorpt,160,0.992,7
aqueou,100,1.458,7
solut,131,1.19,7
palm,91,1.827,8
oil,184,1.129,8
acid,203,1.031,8
effect,78,1.98,8
use,129,1.482,8
catalyst,106,1.676,8
product,61,2.222,8
catalyt,77,1.992,8
synthesi,70,2.086,8
activ,79,1.967,8
synthesi,66,1.807,9
use,111,1.293,9
silver,79,1.629,9
nanoparticl,189,0.764,9
oxid,51,2.06,9
studi,63,1.852,9
effect,54,2.004,9
carbon,256,1.163,10
synthesi,330,0.91,10
character,91,2.19,10
applic,146,1.721,10
materi,59,2.617,10
activ,124,1.883,10
studi,58,2.634,10
effect,73,2.408,10
adsorpt,63,2.553,10
catalyst,50,2.78,10
method,81,2.305,10
use,122,1.9,10
acid,66,2.507,10
composit,56,2.669,10
modifi,82,1.706,11
materi,132,1.234,11
thermal,62,1.982,11
carbon,83,1.694,11
electrod,110,1.415,11
use,73,1.821,11
graphen,50,2.193,11
use,117,1.62,12
synthesi,128,1.53,12
influenc,61,2.263,12
zeolit,115,1.637,12
natur,116,1.628,12
support,51,2.439,12
product,56,2.347,12
catalyst,191,1.133,12
effect,79,2.008,12
oil,57,2.33,12
prepar,72,2.1,12
method,51,2.439,12
character,50,2.458,12
synthesi,74,1.952,13
time,53,2.28,13
effect,94,1.715,13
characterist,50,2.337,13
temperatur,94,1.715,13
use,78,1.9,13
method,83,1.838,13
use,53,1.786,14
synthesi,92,1.242,14
synthesi,141,1.588,15
character,92,2.011,15
photocatalyt,80,2.149,15
degrad,100,1.929,15
method,108,1.853,15
use,107,1.862,15
nanocomposit,99,1.939,15
methylen,51,2.593,15
blue,53,2.555,15
effect,79,2.162,15
oxid,174,1.379,15
properti,95,1.98,15
prepar,80,2.149,15
zinc,66,2.339,15
via,56,2.501,15
studi,61,2.417,15
zno,69,2.295,15
nanoparticl,64,2.37,15
graphen,75,2.213,15
composit,163,1.444,15
use,75,1.693,16
effect,52,2.053,16
effect,65,2.166,17
cellulos,70,2.093,17
wast,59,2.262,17
prepar,52,2.386,17
acid,57,2.296,17
fiber,78,1.987,17
use,100,1.741,17
composit,93,1.813,17
synthesi,60,2.245,17
silica,93,1.813,17
biodiesel,79,1.417,18
use,69,1.551,18
product,75,1.468,18
dye,79,1.983,19
solar,173,1.206,19
cell,192,1.102,19
synthesi,97,1.78,19
batteri,81,1.958,19
use,85,1.91,19
lithium,56,2.322,19
perform,75,2.034,19
bone,64,2.19,19
studi,53,2.376,19
effect,76,2.021,19
sensit,51,2.414,19
dyesensit,59,2.27,19
chitosan,102,1.501,20
effect,70,1.873,20
character,66,1.931,20
use,66,1.931,20
releas,50,2.204,20
kerja,63,1.338,21
kembang,50,1.565,21
kabupaten,71,1.221,21
pengaruh,110,0.914,22
faktorfaktor,67,1.405,22
analisis,60,1.513,22
studi,50,1.692,22
audit,51,1.673,22
indonesia,85,2.277,23
hak,52,2.761,23
analisis,112,2.004,23
pengaruh,102,2.096,23
kerja,117,1.96,23
studi,153,1.694,23
sistem,61,2.604,23
lembaga,60,2.62,23
hukum,132,1.841,23
bangun,58,2.653,23
kota,86,2.265,23
kasus,92,2.198,23
tanah,55,2.706,23
usaha,84,2.288,23
layan,71,2.454,23
kabupaten,53,2.742,23
negara,52,2.761,23
putus,73,2.427,23
pengaruh,51,1.658,24
perintah,89,1.11,24
daerah,90,1.099,24
harga,73,1.313,25
pengaruh,52,1.646,25
analisis,88,1.627,26
guna,95,1.552,26
konsumen,85,1.662,26
pengaruh,122,1.304,26
langgan,99,1.511,26
layan,177,0.934,26
produk,53,2.127,26
model,87,1.639,26
puas,159,1.041,26
kualitas,99,1.511,26
studi,95,1.552,26
kasus,57,2.055,26
pengaruh,68,1.208,27
saham,73,1.138,27
usaha,72,1.152,27
sistem,459,0.319,28
informasi,402,0.452,28
web,108,1.759,28
kabupaten,53,2.461,28
bas,179,1.258,28
studi,80,2.056,28
geografis,58,2.373,28
kasus,68,2.216,28
layan,53,2.461,28
kota,54,2.443,28
analisis,52,2.48,28
manajemen,149,1.44,28
ancang,84,2.008,28
guna,121,1.646,28
industri,152,1.297,30
kota,149,1.317,30
produk,132,1.438,30
pengaruh,58,2.25,30
analisis,87,1.851,30
studi,102,1.693,30
pasar,72,2.037,30
sistem,53,2.339,30
strategi,98,1.733,30
tingkat,52,2.358,30
kerja,64,2.154,30
kasus,73,2.024,30
usaha,50,2.396,30
dekat,56,2.285,30
undangundang,51,1.442,31
nomor,59,1.299,31
tahun,84,0.951,31
kerja,50,1.381,32
studi,67,1.471,33
produksi,67,1.471,33
kasus,59,1.596,33
sistem,72,1.4,33
metode,53,1.701,33
guna,71,1.414,33
hukum,262,0.389,34
studi,66,1.756,34
putus,54,1.954,34
indonesia,91,1.439,34
analisis,55,1.936,34
pidana,56,1.918,34
anak,53,1.972,34
bijak,64,1.315,35
pajak,75,1.158,35
pasar,81,1.014,36
pengaruh,540,0.877,37
variabel,70,2.908,37
studi,373,1.247,37
kasus,92,2.638,37
modal,133,2.273,37
analisis,327,1.378,37
ukur,62,3.028,37
bank,320,1.399,37
syariah,257,1.618,37
biaya,136,2.251,37
kerja,214,1.8,37
bijak,55,3.146,37
usaha,584,0.799,37
milik,67,2.951,37
risiko,66,2.966,37
bursa,244,1.67,37
efek,236,1.703,37
indonesia,545,0.868,37
return,71,2.894,37
saham,122,2.359,37
daftar,261,1.603,37
bei,93,2.628,37
manufaktur,138,2.236,37
harga,55,3.146,37
tahun,134,2.266,37
struktur,73,2.867,37
tingkat,90,2.66,37
empiris,154,2.127,37
pasar,58,3.093,37
ungkap,55,3.146,37
periode,144,2.194,37
perban,135,2.258,37
corporate,71,2.894,37
uang,212,1.81,37
manajemen,81,2.764,37
kredit,52,3.201,37
kecil,53,3.182,37
profitabilitas,94,2.617,37
umum,61,3.044,37
akuntansi,60,3.06,37
cabang,59,3.077,37
nilai,89,2.671,37
governance,58,3.093,37
tengah,54,3.164,37
sektor,66,2.966,37
industri,50,3.239,37
laba,75,2.84,37
analisis,62,1.759,38
studi,54,1.895,38
tbk,91,1.381,38
persero,80,1.508,38
analisis,108,1.864,40
pegawai,118,1.776,40
kota,72,2.265,40
motivasi,139,1.614,40
kerja,552,0.24,40
studi,140,1.607,40
kasus,69,2.307,40
indonesia,51,2.604,40
pengaruh,385,0.6,40
pimpin,83,2.125,40
budaya,79,2.173,40
organisasi,141,1.6,40
tingkat,94,2.001,40
karyawan,254,1.014,40
kabupaten,51,2.604,40
puas,132,1.665,40
variabel,76,2.212,40
komitmen,89,2.056,40
intervening,51,2.604,40
curcuma,54,1.789,41
effect,102,1.161,41
extract,136,0.876,41
rat,103,1.152,41
activ,50,1.864,41
effect,56,1.62,42
protein,60,2.602,43
feed,90,2.202,43
effect,381,0.768,43
extract,306,0.986,43
induc,77,2.356,43
rat,379,0.773,43
express,54,2.706,43
wistar,54,2.706,43
lipid,63,2.554,43
profil,75,2.382,43
liver,109,2.012,43
model,87,2.236,43
oil,96,2.138,43
ethanol,86,2.247,43
diabet,52,2.743,43
level,116,1.951,43
mouse,136,1.793,43
rattu,53,2.724,43
norvegicu,51,2.762,43
activ,55,2.688,43
blood,69,2.464,43
seed,74,1.514,44
growth,97,1.247,44
effect,67,1.612,44
extract,89,1.332,44
effect,70,1.434,45
extract,72,1.407,45
curcuma,75,1.366,45
roxb,62,1.554,45
blood,66,1.486,46
glucos,58,1.613,46
level,55,1.665,46
rat,95,1.126,46
diabet,77,1.334,46
effect,92,1.158,46
extract,98,1.095,46
activ,106,0.828,47
extract,85,1.047,47
fraction,63,1.342,47
leav,72,1.211,47
antioxid,447,1.285,48
activ,979,0.503,48
fruit,58,3.313,48
extract,1037,0.445,48
inhibit,54,3.383,48
antibacteri,264,1.81,48
phytochem,65,3.201,48
content,74,3.073,48
leav,453,1.272,48
linn,117,2.619,48
leaf,116,2.628,48
effect,200,2.087,48
evalu,65,3.201,48
studi,90,2.879,48
total,55,3.365,48
phenol,67,3.171,48
fraction,139,2.449,48
inhibitori,66,3.185,48
ethanol,322,1.613,48
stem,63,3.231,48
bark,84,2.948,48
cell,88,2.902,48
oil,56,3.347,48
flavonoid,69,3.142,48
compound,90,2.879,48
cytotox,50,3.458,48
water,67,3.171,48
acet,67,3.171,48
vitro,236,1.922,48
test,69,3.142,48
ethyl,68,3.156,48
mouse,80,2.996,48
garcinia,75,3.059,48
methanol,55,3.365,48
use,87,2.913,48
rat,114,2.645,48
extract,61,1.553,49
effect,56,1.637,49
oil,53,1.691,49
effect,67,1.672,50
extract,209,0.545,50
leaf,98,1.297,50
compound,112,1.164,50
activ,105,1.228,50
ethanol,71,1.615,50
leav,55,1.866,50
effect,57,1.603,51
extract,71,1.386,51
vitro,80,1.269,51
studi,60,1.552,51
extract,100,1.108,52
potenti,51,1.772,52
activ,54,1.716,52
product,81,1.631,53
extract,61,1.911,53
activ,55,2.013,53
effect,58,1.96,53
compound,56,1.995,53
antimicrobi,50,2.106,53
optim,63,2.106,54
extract,294,0.578,54
use,83,1.834,54
activ,55,2.24,54
content,104,1.611,54
total,50,2.333,54
effect,88,1.777,54
formul,57,2.205,54
garcinia,60,2.154,54
method,55,2.24,54
mangosteen,76,1.921,54
mangostana,55,2.24,54
red,51,1.68,55
extract,90,1.12,55
fruit,64,1.457,55
activ,74,1.314,55
antioxid,56,1.588,55
effect,72,1.53,56
extract,99,1.215,56
qualiti,56,1.777,56
fruit,104,1.046,57
extract,63,1.542,57
effect,102,1.793,58
activ,65,2.238,58
oil,421,0.383,58
palm,379,0.488,58
empti,193,1.16,58
fruit,197,1.14,58
bunch,206,1.095,58
use,89,1.928,58
cellulos,60,2.317,58
extract,51,2.477,58
product,95,1.864,58
extract,85,1.348,59
effect,55,1.777,59
activ,53,1.813,59
extract,125,1.004,60
cell,162,0.747,60
effect,85,1.386,60
activ,109,1.14,60
cancer,60,1.73,60
acid,59,1.746,60
allium,53,1.76,62
bawang,50,1.818,62
merah,52,1.779,62
simpan,55,2.024,63
pengaruh,74,1.732,63
padi,134,1.144,63
tumbuh,51,2.098,63
tanam,72,1.759,63
benih,112,1.322,63
kedelai,60,1.939,63
tumbuh,677,0.698,64
pengaruh,341,1.383,64
jenis,74,2.9,64
media,94,2.664,64
tanam,555,0.897,64
produksi,174,2.053,64
kualitas,52,3.247,64
jagung,88,2.729,64
sawit,270,1.615,64
beri,246,1.708,64
mikoriza,52,3.247,64
bagai,93,2.674,64
tanah,151,2.194,64
beberapa,102,2.583,64
varietas,156,2.161,64
hasil,277,1.59,64
dosis,118,2.438,64
pupuk,388,1.254,64
hayati,93,2.674,64
npk,53,3.228,64
bibit,146,2.227,64
kelapa,280,1.579,64
elaeis,93,2.674,64
guineensis,88,2.729,64
jacq,102,2.583,64
lahan,54,3.21,64
kebun,79,2.835,64
respon,95,2.653,64
air,52,3.247,64
organik,147,2.22,64
cair,108,2.526,64
kompos,57,3.157,64
aplikasi,113,2.481,64
limbah,52,3.247,64
tingkat,78,2.848,64
padi,96,2.643,64
bakteri,51,3.266,64
glycine,94,2.664,64
max,94,2.664,64
kedelai,126,2.373,64
kandang,62,3.074,64
jarak,66,3.013,64
konsentrasi,54,3.21,64
respons,89,2.718,64
beda,129,2.35,64
tebu,59,3.123,64
saccharum,52,3.247,64
officinarum,50,3.286,64
kering,51,3.266,64
pengaruh,65,1.299,67
padi,132,0.887,68
pengaruh,60,1.667,68
organik,63,1.619,68
tanam,73,1.474,68
oryza,57,1.717,68
sativa,57,1.717,68
tumbuh,62,1.622,69
tanam,112,1.038,69
lahan,57,1.705,69
kabupaten,95,1.201,69
air,60,1.77,70
jagung,119,1.093,70
vitro,62,1.492,71
limbah,53,1.757,72
potensi,52,1.776,72
tingkat,74,1.429,72
tanah,117,0.936,73
pengaruh,55,1.861,74
proses,58,1.809,74
produksi,165,0.774,74
cabai,73,1.426,75
sakit,59,1.636,75
tanam,75,1.399,75
ragam,96,1.444,76
dasar,95,1.454,76
genetik,146,1.028,76
karakter,82,1.6,76
generasi,55,1.993,76
hasil,101,1.394,76
morfologi,53,2.03,76
tanam,62,1.875,76
tumbuh,68,1.315,77
bakteri,95,0.985,77
produksi,58,2.105,79
pengaruh,56,2.139,79
effect,51,1.776,80
growth,72,1.436,80
potato,52,1.757,80
gene,77,1.787,81
isol,174,0.979,81
character,59,2.05,81
indonesia,165,1.032,81
java,56,2.101,81
gen,68,1.91,81
chain,134,1.006,82
reaction,125,1.075,82
deteksi,62,1.768,82
polymeras,82,1.492,82
character,99,1.613,83
protea,54,2.211,83
bacteria,166,1.101,83
produc,82,1.8,83
bacillu,62,2.075,83
isol,184,0.998,83
identif,50,2.287,83
lactobacillu,79,1.837,83
potenti,76,1.875,83
plantarum,63,2.06,83
gene,269,0.458,84
indonesian,86,1.591,84
patient,106,1.384,84
analysi,66,1.852,84
polymorph,96,1.482,84
bone,82,1.43,85
dengu,53,1.86,85
effect,66,1.645,85
leav,50,3.038,86
inhibit,77,2.613,86
stem,278,1.339,86
cell,731,0.374,86
cancer,447,0.865,86
mesenchym,145,1.986,86
medium,55,2.944,86
human,271,1.364,86
prolifer,59,2.875,86
effect,117,2.199,86
umbil,58,2.892,86
express,148,1.966,86
rat,66,2.765,86
breast,284,1.317,86
patient,55,2.944,86
studi,63,2.811,86
activ,100,2.355,86
cytotox,105,2.306,86
apoptosi,51,3.019,86
line,138,2.035,86
mcf7,74,2.652,86
induc,60,2.859,86
extract,52,2.999,86
surviv,52,2.999,86
acid,270,0.523,87
bacteria,242,0.632,87
effect,71,1.848,87
ferment,65,1.935,87
isol,116,1.363,87
lactic,191,0.867,87
product,71,1.848,87
probiot,80,1.73,87
indigen,79,1.743,87
gene,56,1.933,88
dna,127,1.124,88
detect,55,1.951,88
rat,51,2.025,88
indonesia,61,1.932,89
resist,69,1.811,89
escherichia,74,1.742,89
coli,77,1.702,89
molecular,170,1.097,90
inhibitor,135,1.326,90
deriv,91,1.717,90
dock,115,1.485,90
studi,69,1.99,90
activ,55,2.213,90
tuberculosi,54,2.231,90
simul,50,2.306,90
studi,68,1.772,91
cell,79,1.624,91
protein,124,1.178,91
probiot,53,2.017,91
cell,165,0.854,92
activ,116,1.204,92
induc,57,1.906,92
extract,78,1.597,92
cancer,69,1.718,92
effect,52,1.996,92
cytotox,58,1.889,92
apoptosi,60,1.855,92
cell,82,1.749,93
factor,51,2.216,93
ekspresi,97,1.583,93
express,127,1.315,93
mouse,52,2.197,93
correl,52,2.197,93
identif,88,1.164,94
gene,55,1.627,94
express,196,0.716,95
cell,71,1.722,95
effect,61,1.872,95
tissu,68,1.765,95
rat,53,2.01,95
diseas,56,1.741,96
growth,63,1.625,96
protein,62,1.577,97
express,62,1.577,97
virus,62,1.921,98
viru,132,1.173,98
avian,65,1.874,98
influenza,72,1.773,98
stem,63,1.768,99
cell,66,1.722,99
receptor,104,1.178,100
express,53,1.843,100
growth,50,1.9,100
factor,75,1.501,100
energi,50,2.024,101
storag,70,1.693,101
use,54,1.949,101
qualiti,94,1.402,101
food,51,2.005,101
product,85,1.501,101
system,51,1.342,102
evalu,61,1.166,102
model,52,1.323,102
develop,74,1.563,103
system,70,1.618,103
case,68,1.646,103
studi,195,0.602,103
use,55,1.855,103
structur,50,1.411,104
use,51,1.5,105
tomographi,53,1.462,105
design,240,1.178,106
develop,65,2.473,106
measur,53,2.674,106
use,149,1.652,106
monitor,185,1.437,106
system,379,0.723,106
analysi,57,2.603,106
wireless,75,2.332,106
sensor,261,1.095,106
network,89,2.163,106
base,140,1.714,106
optic,70,2.4,106
fiber,106,1.99,106
applic,73,2.359,106
implement,58,2.586,106
detect,56,2.62,106
perform,51,2.712,106
convolut,63,1.893,107
neural,235,0.588,107
network,316,0.293,107
use,130,1.177,107
artifici,96,1.477,107
base,68,1.818,107
applic,51,2.101,107
perform,116,1.04,108
use,53,1.813,108
method,52,1.737,109
liquid,58,1.63,109
use,65,1.517,109
wireless,53,1.319,110
temperatur,82,1.041,112
low,67,1.24,112
energi,62,1.295,113
indonesia,53,1.449,113
network,67,1.227,116
system,50,1.515,116
applic,150,0.455,117
use,64,1.709,118
design,65,1.694,118
applic,71,1.607,118
antenna,166,0.765,118
microstrip,65,1.694,118
system,66,1.288,119
system,56,1.697,120
radar,59,1.645,120
measur,69,1.491,120
use,74,1.422,120
pustaka,58,1.347,121
media,50,1.489,122
kabupaten,56,1.377,122
sosial,84,0.978,122
komunikasi,68,1.074,127
universitas,55,2.05,130
nilai,59,1.981,130
didik,238,0.599,130
indonesia,56,2.032,130
nilainilai,63,1.916,130
islam,93,1.532,130
karakter,67,1.856,130
budaya,105,0.825,131
pengaruh,371,2.316,135
kelas,589,1.854,135
giat,63,4.076,135
proses,89,3.735,135
ajar,1874,0.698,135
studi,192,2.972,135
kasus,57,4.174,135
smp,240,2.75,135
negeri,364,2.335,135
bandung,108,3.543,135
tahun,142,3.272,135
informasi,108,3.543,135
sekolah,594,1.846,135
tengah,114,3.49,135
hubung,106,3.562,135
perilaku,52,4.264,135
guru,287,2.572,135
hasil,436,2.155,135
peran,69,3.986,135
media,359,2.348,135
pustaka,70,3.972,135
tingkat,1151,1.185,135
terampil,282,2.589,135
teknik,107,3.552,135
tinggi,52,4.264,135
siswa,1257,1.097,135
sdn,50,4.303,135
guna,352,2.368,135
teknologi,92,3.702,135
bantu,53,4.246,135
model,754,1.608,135
problem,110,3.525,135
based,96,3.66,135
learning,264,2.655,135
mampu,518,1.983,135
pecah,95,3.67,135
masalah,116,3.472,135
sikap,55,4.209,135
lingkung,89,3.735,135
serta,191,2.977,135
didik,484,2.05,135
profil,56,4.192,135
sma,308,2.501,135
sistem,92,3.702,135
kimia,67,4.015,135
kuasa,64,4.06,135
konsep,202,2.921,135
ipa,145,3.251,135
lalu,356,2.357,135
dekat,143,3.265,135
kembang,542,1.937,135
pikir,176,3.058,135
kreatif,93,3.691,135
materi,307,2.504,135
dasar,436,2.155,135
baca,96,3.66,135
paham,158,3.166,135
inkuiri,66,4.03,135
implementasi,115,3.481,135
and,59,4.14,135
tulis,143,3.265,135
calon,56,4.192,135
analisis,172,3.081,135
kelompok,69,3.986,135
camat,72,3.944,135
kabupaten,142,3.272,135
ilmu,77,3.878,135
nilai,79,3.853,135
strategi,138,3.3,135
bahasa,183,3.02,135
indonesia,143,3.265,135
terap,480,2.059,135
kooperatif,122,3.422,135
tipe,131,3.352,135
mata,236,2.767,135
ips,83,3.804,135
kota,151,3.211,135
makassar,50,4.303,135
komunikasi,161,3.147,135
efektivitas,111,3.516,135
metode,273,2.621,135
eksperimen,59,4.14,135
bas,423,2.185,135
multimedia,97,3.65,135
interaktif,75,3.904,135
smk,140,3.286,135
aplikasi,66,4.03,135
mahasiswa,204,2.912,135
kuliah,88,3.746,135
kurikulum,59,4.14,135
kompetensi,169,3.099,135
kerja,182,3.025,135
jawa,51,4.283,135
sosial,171,3.087,135
anak,197,2.946,135
usia,79,3.853,135
dini,56,4.192,135
kritis,111,3.516,135
main,71,3.958,135
sains,138,3.3,135
upaya,101,3.61,135
literasi,135,3.322,135
budaya,113,3.498,135
lokal,64,4.06,135
program,127,3.383,135
bimbing,70,3.972,135
karakter,107,3.552,135
teliti,94,3.681,135
vii,51,4.283,135
latih,85,3.78,135
diri,58,4.157,135
masyarakat,84,3.792,135
tahu,62,4.091,135
aktivitas,74,3.917,135
motivasi,134,3.329,135
inggris,51,4.283,135
fisika,105,3.571,135
universitas,52,4.264,135
minat,86,3.769,135
islam,79,3.853,135
prestasi,103,3.59,135
matematis,112,3.507,135
buku,93,3.691,135
matematika,177,3.053,135
viii,63,4.076,135
ekonomi,61,4.107,135
bangun,61,4.107,135
gambar,63,4.076,135
ilmu,59,1.407,137
perempuan,50,1.569,137
novel,52,1.531,137
karya,73,1.197,137
program,51,1.55,137
mahasiswa,74,1.03,139
bahasa,269,0.233,140
indonesia,151,0.808,140
karakteristik,76,1.38,141
studi,57,1.663,141
kaji,56,2.215,142
ubah,146,1.267,142
air,53,2.269,142
das,150,1.24,142
hulu,65,2.068,142
kabupaten,92,1.725,142
lahan,181,1.054,142
sungai,172,1.104,142
analisis,82,1.839,142
model,64,2.083,142
daerah,108,1.566,142
alir,134,1.352,142
studi,67,2.038,142
kasus,52,2.287,142
guna,111,1.539,142
banjir,60,1.579,143
masyarakat,56,1.647,143
bencana,99,1.085,143
tanah,66,1.486,143
longsor,52,1.72,143
dasar,54,1.683,143
wisata,67,1.478,144
studi,50,1.765,144
kayu,62,1.554,144
kaji,151,1.824,145
dasar,52,2.878,145
wilayah,85,2.394,145
semarang,157,1.785,145
kampung,84,2.405,145
kota,404,0.844,145
kawasan,252,1.315,145
ubah,51,2.897,145
manfaat,50,2.916,145
ruang,184,1.628,145
kembang,159,1.773,145
model,61,2.721,145
lahan,79,2.466,145
rencana,71,2.571,145
tata,111,2.13,145
studi,132,1.958,145
kasus,117,2.077,145
analisis,96,2.273,145
surabaya,100,2.233,145
masyarakat,57,2.788,145
bangun,84,2.405,145
mukim,85,2.394,145
guna,86,2.382,145
pengaruh,66,2.643,145
struktur,86,1.133,146
guna,51,1.647,146
kawasan,56,2.274,147
hutan,128,1.457,147
analisis,59,2.223,147
taman,51,2.366,147
kota,80,1.923,147
yogyakarta,73,2.013,147
guna,55,2.292,147
nasional,50,2.385,147
studi,68,2.083,147
kasus,51,2.366,147
pengaruh,51,1.594,148
guna,67,1.326,148
variasi,57,1.485,148
analisa,68,1.311,148
kapal,151,0.521,148
analisis,51,1.938,149
udara,56,1.846,149
model,97,1.304,149
jaring,58,1.811,149
prediksi,54,1.882,149
guna,80,1.494,149
guna,57,1.437,150
tentu,58,1.42,150
guna,65,1.416,152
citra,136,0.686,152
guna,100,1.456,153
citra,76,1.727,153
satelit,52,2.1,153
sistem,97,1.486,153
analisis,51,2.119,153
studi,58,1.993,153
analisa,66,1.866,153
data,58,1.993,153
air,89,1.102,156
guna,64,1.428,156
bangun,52,1.489,157
taman,123,1.049,158
nasional,110,1.16,158
jawa,134,0.964,158
barat,88,1.381,158
gunung,138,0.935,158
hutan,55,1.844,158
alam,50,1.937,158
kabupaten,63,1.109,159
jalan,59,1.462,160
kota,64,1.382,160
experiment,141,1.281,161
studi,180,1.038,161
effect,106,1.564,161
flow,69,1.988,161
model,80,1.842,161
use,90,1.726,161
water,64,2.062,161
perform,107,1.554,161
analysi,60,2.125,161
numer,104,1.582,161
simul,59,2.142,161
vehicl,120,1.298,162
combust,50,2.162,162
use,87,1.616,162
engin,70,1.831,162
motor,71,1.404,163
perform,50,2.948,164
design,224,1.463,164
implement,75,2.549,164
base,103,2.235,164
fuzzi,93,2.336,164
control,587,0.503,164
model,133,1.982,164
robot,52,2.909,164
system,390,0.911,164
use,230,1.437,164
optim,88,2.391,164
power,72,2.589,164
develop,52,2.909,164
simul,71,2.603,164
vehicl,67,2.66,164
logic,98,2.284,164
robot,81,1.386,166
control,83,1.362,166
use,92,1.26,166
optim,174,0.938,167
algorithm,70,1.84,167
fluid,59,2.008,167
use,143,1.133,167
dynam,93,1.559,167
model,79,1.721,167
base,63,1.944,167
particl,78,1.733,167
swarm,90,1.592,167
simul,50,2.171,167
optim,50,1.805,169
power,150,0.719,169
system,81,1.33,169
use,51,1.708,170
flow,140,0.711,170
system,81,1.053,171
simul,104,1.095,173
use,60,1.639,173
fluid,77,1.448,174
optim,60,1.694,174
use,85,1.351,174
heat,121,0.798,175
transfer,69,1.354,175
model,198,0.579,176
control,88,1.383,176
use,52,1.902,176
analysi,51,1.684,177
use,50,1.703,177
stabil,56,1.592,177
reactor,91,1.035,178
use,58,1.444,179
use,51,1.495,180
fuel,66,1.242,180
student,71,1.245,182
mathemat,64,1.347,182
model,248,1.515,183
develop,147,2.035,183
learn,418,0.995,183
improv,156,1.976,183
student,665,0.531,183
understand,70,2.77,183
use,101,2.408,183
comput,58,2.955,183
think,224,1.617,183
skill,306,1.306,183
school,127,2.181,183
studi,80,2.638,183
scienc,84,2.59,183
concept,120,2.237,183
problem,63,2.874,183
base,120,2.237,183
effect,86,2.567,183
creativ,92,2.5,183
abil,75,2.702,183
teacher,85,2.578,183
educ,91,2.511,183
critic,152,2.002,183
mathemat,107,2.35,183
analysi,59,2.938,183
enhanc,56,2.99,183
physic,92,2.5,183
teach,70,1.358,184
student,59,1.526,184
develop,82,1.202,184
teacher,102,0.986,184
materi,56,1.577,184
social,51,1.478,185
student,66,1.161,186
approach,61,1.337,187
indonesian,63,1.305,187
review,75,1.373,188
technolog,88,1.215,188
studi,168,0.616,189
cultur,57,1.686,189
case,77,1.389,189
develop,59,2.262,190
student,97,1.771,190
use,56,2.313,190
learn,50,2.424,190
indonesian,65,2.166,190
studi,52,2.386,190
cultur,51,2.405,190
develop,157,1.082,191
implement,65,1.955,191
journal,78,1.775,191
research,106,1.471,191
manag,64,1.97,191
concept,53,2.155,191
indonesia,136,1.051,192
educ,54,1.964,192
univers,69,1.723,192
languag,79,1.589,192
english,71,1.695,192
student,52,2.001,192
commun,55,1.946,192
scienc,56,1.905,193
engin,59,1.854,193
physic,63,1.789,193
prefac,71,1.671,193
intern,211,0.591,193
confer,124,1.12,193
proceed,88,1.459,193
indonesia,53,1.959,193
symposium,64,1.774,193
commun,50,1.506,194
scienc,64,1.264,194
learn,260,0.636,195
base,62,2.057,195
medium,61,2.073,195
student,127,1.348,195
develop,57,2.14,195
use,80,1.806,195
school,50,2.269,195
studi,52,2.23,195
system,105,1.537,195
design,98,1.605,195
develop,91,2.143,198
effect,53,2.675,198
educ,284,1.012,198
literaci,52,2.694,198
base,77,2.308,198
student,247,1.151,198
elementari,111,1.946,198
school,440,0.575,198
indonesia,113,1.928,198
studi,79,2.282,198
higher,70,2.402,198
teacher,56,2.621,198
learn,131,1.782,198
analysi,59,2.57,198
high,252,1.131,198
senior,62,2.521,198
scienc,50,2.733,198
junior,130,1.789,198
knowledg,86,1.043,199
inform,61,1.654,200
improv,80,1.386,200
student,87,1.303,200
risk,51,1.438,201
govern,71,1.642,202
indonesia,70,1.656,202
effect,55,1.894,202
busi,98,1.324,202
perform,65,1.729,202
implement,59,1.825,202
manag,55,1.894,202
relationship,57,1.858,202
effect,73,1.525,203
role,84,1.386,203
job,86,1.363,203
satisfact,111,1.11,203
influenc,51,1.878,203
organiz,53,1.84,203
perform,62,1.686,203
work,85,0.984,204
compani,52,1.468,204
strategi,83,1.319,205
commun,78,1.38,205
asean,51,1.798,205
econom,90,1.239,205
indonesia,64,1.575,205
environment,50,1.523,206
social,275,0.429,207
indonesia,62,1.907,207
capit,66,1.845,207
corporate,66,1.845,207
responsibility,57,1.989,207
corpor,121,1.246,207
respons,91,1.528,207
effect,51,2.098,207
role,50,2.118,207
suppli,51,1.804,208
chain,50,1.824,208
analysi,50,1.824,208
public,79,0.965,210
behavior,105,1.345,211
custom,108,1.317,211
loyalti,66,1.804,211
satisfact,74,1.691,211
indonesia,56,1.966,211
effect,62,1.866,211
qualiti,112,1.281,211
servic,124,1.18,211
intent,51,2.058,211
industri,113,0.954,213
indonesia,53,1.701,213
indonesian,98,1.095,213
impact,60,1.579,213
bank,155,0.654,214
indonesia,110,0.994,214
islam,120,0.908,214
effect,58,2.645,215
practic,57,2.662,215
perspect,97,2.138,215
knowledg,55,2.697,215
manag,319,0.954,215
model,52,2.752,215
govern,66,2.518,215
analysi,65,2.533,215
toward,56,2.68,215
qualiti,64,2.548,215
perform,74,2.405,215
framework,68,2.489,215
develop,96,2.148,215
system,174,1.558,215
indonesia,109,2.022,215
integr,50,2.791,215
commun,58,2.645,215
studi,59,2.628,215
inform,61,2.595,215
manag,59,2.237,216
organiz,65,2.142,216
perform,244,0.83,216
effect,102,1.697,216
indonesia,117,1.561,216
market,121,1.527,216
firm,97,1.747,216
financi,141,1.376,216
indonesian,56,2.288,216
develop,191,0.843,217
indonesia,107,1.418,217
model,150,1.083,217
tourism,97,1.515,217
region,56,2.218,218
develop,60,2.151,218
indonesia,75,1.931,218
innov,85,1.807,218
knowledg,51,2.31,218
manag,65,2.072,218
perform,65,2.072,218
busi,58,2.184,218
small,88,1.773,218
medium,66,2.057,218
enterpris,71,1.985,218
industri,57,2.201,218
influenc,121,0.617,219
factor,71,1.144,219
case,645,1.298,220
studi,709,1.204,220
social,140,2.82,220
medium,54,3.762,220
indonesia,1187,0.689,220
local,211,2.412,220
econom,94,3.215,220
commun,145,2.785,220
tourism,90,3.258,220
region,92,3.236,220
innov,75,3.438,220
system,78,3.4,220
perform,175,2.598,220
develop,368,1.858,220
java,92,3.236,220
perspect,54,3.762,220
base,79,3.387,220
toward,149,2.758,220
citi,346,1.92,220
role,113,3.033,220
determin,72,3.478,220
evid,69,3.52,220
impact,91,3.247,220
market,170,2.627,220
relationship,52,3.799,220
manag,267,2.178,220
sustain,308,2.036,220
compani,98,3.174,220
effect,111,3.05,220
green,60,3.658,220
behavior,52,3.799,220
financi,65,3.579,220
govern,196,2.486,220
bank,84,3.326,220
west,58,3.691,220
water,51,3.818,220
suppli,108,3.078,220
model,158,2.7,220
analysi,197,2.481,220
build,50,3.837,220
use,108,3.078,220
polici,132,2.879,220
district,59,3.675,220
support,73,3.465,220
servic,112,3.042,220
strategi,131,2.886,220
busi,145,2.785,220
implement,119,2.981,220
process,110,3.059,220
product,93,3.226,220
risk,65,3.579,220
improv,67,3.549,220
influenc,106,3.096,220
competit,79,3.387,220
industri,203,2.451,220
sector,52,3.799,220
empir,61,3.642,220
approach,55,3.744,220
islam,90,3.258,220
capit,61,3.642,220
creativ,58,3.691,220
factor,95,3.205,220
bandung,131,2.886,220
valu,63,3.61,220
public,126,2.925,220
infrastructur,95,3.205,220
villag,55,3.744,220
environment,71,3.492,220
inform,71,3.492,220
indonesian,107,3.087,220
project,53,3.78,220
chain,96,3.194,220
qualiti,74,3.451,220
institut,60,3.658,220
product,91,1.673,221
studi,89,1.695,221
wood,174,1.03,221
properti,59,2.1,221
use,63,2.036,221
effect,68,1.96,221
process,103,1.55,221
oil,52,2.466,222
bioga,113,1.7,222
product,269,0.838,222
wast,333,0.625,222
solid,115,1.683,222
municip,52,2.466,222
use,114,1.691,222
effect,84,1.993,222
digest,55,2.411,222
anaerob,72,2.146,222
process,50,2.504,222
product,83,1.347,223
sorghum,53,1.789,223
effect,58,1.7,223
water,136,1.155,224
qualiti,51,2.124,224
effect,72,1.785,224
use,55,2.05,224
contamin,70,1.813,224
soil,161,0.988,224
ferment,79,1.399,225
use,60,1.67,225
effect,68,1.547,225
wast,57,1.72,225
product,61,1.654,225
effect,55,1.821,226
use,67,1.627,226
ash,73,1.542,226
rice,67,1.627,226
husk,61,1.719,226
system,52,1.594,227
product,52,1.594,227
mechan,186,0.945,228
cassava,59,2.082,228
starch,100,1.561,228
effect,161,1.088,228
properti,291,0.499,228
bamboo,97,1.591,228
physic,120,1.38,228
board,66,1.971,228
strand,53,2.187,228
strength,102,1.279,229
use,62,1.77,229
reinforc,50,1.982,229
concret,101,1.289,229
properti,69,1.665,229
effect,90,1.403,229
geopolym,64,1.739,229
characterist,65,1.274,230
effect,89,0.964,230
differ,78,1.405,231
effect,58,1.697,231
growth,84,1.332,231
effect,82,1.478,232
steel,62,1.754,232
cultur,78,2.404,233
differ,81,2.366,233
growth,282,1.128,233
water,101,2.148,233
rate,94,2.219,233
fertil,50,2.841,233
effect,197,1.485,233
plant,173,1.614,233
use,104,2.119,233
characterist,67,2.554,233
product,154,1.73,233
speci,73,2.469,233
system,50,2.841,233
feed,77,2.416,233
yield,105,2.11,233
rice,86,2.307,233
soil,50,2.841,233
effect,61,1.681,234
materi,93,1.265,234
acid,61,1.941,235
product,63,1.91,235
treatment,103,1.424,235
applic,73,1.764,235
effect,68,1.834,235
use,86,1.603,235
wastewat,65,1.879,235
fertil,76,1.725,235
organ,72,1.778,235
liquid,60,1.958,235
rice,193,0.459,236
effect,61,1.6,236
effect,72,1.49,237
temperatur,61,1.654,237
ferment,75,1.45,237
chemic,68,1.547,237
characterist,50,1.849,237
properti,63,1.622,237
oil,231,0.322,238
palm,177,0.587,238
mill,65,1.579,238
effluent,59,1.674,238
effect,52,1.798,238
use,62,1.477,239
growth,60,1.579,240
indonesia,71,1.414,240
forecast,76,2.135,241
data,270,0.876,241
use,204,1.155,241
method,75,2.148,241
base,79,2.096,241
approach,69,2.23,241
analysi,50,2.547,241
model,384,0.525,241
spatial,77,2.122,241
data,57,1.457,242
use,72,1.227,242
comparison,63,1.239,243
use,70,1.135,243
predict,65,1.308,244
use,80,1.103,244
select,60,1.386,244
use,67,1.401,245
data,159,0.886,246
use,109,1.261,246
base,52,1.991,246
time,135,1.048,246
seri,89,1.461,246
model,99,1.356,246
wavelet,60,1.85,246
use,65,1.352,247
model,84,1.099,247
use,67,1.353,248
model,94,1.018,248
segment,50,1.64,248
data,72,1.536,249
base,67,1.606,249
model,65,1.636,249
use,115,1.072,249
approach,84,1.383,249
model,173,0.802,250
use,112,1.234,250
spline,50,2.029,250
regress,194,0.688,250
data,52,1.991,250
function,55,1.936,250
geograph,57,1.901,250
weight,61,1.834,250
use,112,1.264,251
cluster,93,1.448,251
algorithm,164,0.886,251
analysi,58,1.914,251
data,73,1.687,251
studi,74,1.574,252
analysi,50,1.96,252
use,159,0.816,252
recognit,102,1.257,252
method,70,1.629,252
klasifikasi,50,1.586,253
model,67,1.298,253
transform,93,1.294,254
model,108,1.146,254
estim,110,1.128,254
use,80,1.443,254
paramet,64,1.663,254
support,246,0.748,255
vector,272,0.648,255
machin,198,0.964,255
classif,112,1.53,255
extract,81,1.851,255
use,188,1.016,255
base,92,1.725,255
featur,138,1.323,255
data,62,2.115,255
guna,56,2.215,255
model,72,1.362,256
use,53,1.664,256
graph,63,1.494,256
detect,191,1.128,257
use,254,0.844,257
classif,191,1.128,257
imag,269,0.787,257
learn,71,2.109,257
network,59,2.291,257
system,59,2.291,257
featur,71,2.109,257
base,128,1.525,257
analysi,77,2.028,257
method,76,2.041,257
neural,52,2.415,257
identif,52,1.801,258
use,123,0.951,258
fuzzi,67,1.552,258
system,135,0.859,258
base,52,1.801,258
imag,87,1.814,259
method,60,2.181,259
base,71,2.015,259
analysi,56,2.249,259
data,85,1.837,259
use,154,1.248,259
model,55,2.266,259
algorithm,83,1.861,259
use,76,1.197,260
time,68,1.307,260
area,72,1.274,261
indonesia,52,1.594,261
indonesia,61,1.418,262
farm,64,1.371,262
urban,162,1.196,263
area,229,0.852,263
studi,71,2.013,263
rural,63,2.131,263
indonesia,187,1.053,263
commun,76,1.946,263
area,51,1.643,264
citi,90,1.084,264
indonesia,57,1.534,264
mangrov,51,1.742,265
commun,69,1.445,265
indonesia,82,1.275,265
island,69,1.445,265
case,298,0.856,266
studi,323,0.776,266
regenc,62,2.414,266
north,54,2.549,266
sumatra,92,2.024,266
indonesia,208,1.214,266
forest,209,1.21,266
develop,118,1.778,266
land,76,2.213,266
small,55,2.531,266
java,59,2.462,266
model,57,2.496,266
analysi,71,2.28,266
area,78,2.187,266
island,84,2.114,266
district,50,2.625,266
provinc,74,2.239,266
commun,55,2.531,266
use,103,1.912,266
system,53,2.568,266
indonesia,79,1.305,267
oil,61,1.56,267
palm,61,1.56,267
plantat,59,1.593,267
south,283,0.451,268
sulawesi,284,0.448,268
indonesia,174,0.936,268
farmer,52,2.13,268
sediment,63,1.469,269
indonesia,104,0.974,269
river,79,1.246,269
studi,56,2.093,270
district,74,1.818,270
east,147,1.138,270
java,112,1.408,270
provinc,160,1.054,270
indonesia,207,0.798,270
spatial,92,1.603,270
regenc,54,2.128,270
distribut,70,1.873,270
system,87,1.313,271
speci,60,1.679,271
use,52,1.82,271
map,65,1.6,271
indonesia,104,1.136,271
analysi,79,2.433,272
indonesia,246,1.305,272
water,236,1.346,272
qualiti,107,2.132,272
river,50,2.883,272
north,52,2.844,272
ass,102,2.18,272
use,93,2.271,272
district,56,2.771,272
central,59,2.72,272
east,62,2.671,272
java,76,2.471,272
basin,68,2.58,272
base,61,2.687,272
studi,90,2.304,272
case,50,2.883,272
south,66,2.61,272
area,100,2.199,272
coastal,60,2.704,272
lake,52,2.844,272
ecosystem,64,2.64,272
island,50,2.883,272
regenc,186,0.889,273
villag,143,1.15,273
district,169,0.984,273
indonesia,97,1.535,273
subdistrict,71,1.844,273
model,224,2.302,274
bandung,62,3.575,274
west,671,1.208,274
java,1054,0.757,274
indonesia,1442,0.444,274
base,109,3.018,274
commun,139,2.777,274
case,176,2.542,274
studi,231,2.272,274
regenc,158,2.649,274
manag,90,3.207,274
district,156,2.662,274
south,103,3.074,274
kalimantan,64,3.544,274
region,117,2.948,274
central,303,2.001,274
analysi,211,2.362,274
ass,103,3.074,274
econom,60,3.607,274
structur,60,3.607,274
chang,127,2.866,274
climat,81,3.312,274
semarang,52,3.748,274
citi,87,3.241,274
urban,74,3.401,274
hazard,52,3.748,274
area,271,2.112,274
coastal,121,2.914,274
land,121,2.914,274
flood,54,3.711,274
effect,54,3.711,274
east,119,2.931,274
tradit,54,3.711,274
spatial,69,3.47,274
sustain,78,3.349,274
jakarta,110,3.009,274
provinc,190,2.466,274
water,87,3.241,274
sulawesi,95,3.154,274
use,187,2.482,274
north,85,3.264,274
coast,71,3.442,274
speci,62,3.575,274
tropic,55,3.693,274
forest,108,3.027,274
system,67,3.499,274
map,55,3.693,274
local,58,3.641,274
landslid,99,3.113,274
river,76,3.374,274
develop,125,2.882,274
fish,54,3.711,274
rice,58,3.641,274
farm,61,3.591,274
watersh,60,3.607,274
diver,94,3.164,274
preliminari,50,3.786,274
island,149,2.708,274
impact,100,3.103,274
subsid,51,3.767,274
mangrov,50,3.786,274
sumatra,57,3.658,274
potenti,63,3.559,274
risk,64,3.544,274
estim,60,3.607,274
product,60,3.607,274
distribut,59,3.624,274
characterist,60,3.607,274
basin,55,3.693,274
villag,63,3.559,274
java,89,0.737,275
central,83,0.806,275
indonesia,97,0.651,275
chang,113,1.11,276
indonesia,77,1.49,276
land,237,0.374,276
use,142,0.884,276
sumatera,69,1.548,277
north,125,0.96,277
tropic,70,1.533,277
indonesia,90,1.285,277
diver,71,1.466,278
kalimantan,86,1.277,278
indonesia,114,0.998,278
impact,56,1.7,278
fish,86,1.508,279
water,53,1.985,279
java,60,1.863,279
indonesia,121,1.17,279
island,137,1.047,279
coral,61,1.847,279
coastal,94,1.045,280
area,52,1.628,280
indonesia,97,1.013,280
strategi,152,1.875,281
kembang,258,1.349,281
tani,62,2.763,281
kabupaten,367,0.998,281
studi,63,2.747,281
kasus,55,2.88,281
desa,50,2.974,281
jawa,320,1.134,281
tengah,127,2.054,281
kawasan,111,2.187,281
daerah,91,2.384,281
ekonomi,63,2.747,281
provinsi,275,1.285,281
peran,50,2.974,281
kelola,231,1.459,281
lanjut,90,2.395,281
timur,251,1.376,281
analisis,149,1.895,281
tingkat,62,2.763,281
masyarakat,83,2.475,281
model,51,2.955,281
air,97,2.321,281
konservasi,54,2.898,281
sumberdaya,62,2.763,281
bas,69,2.657,281
pulau,64,2.731,281
utara,50,2.974,281
ikan,171,1.758,281
barat,100,2.291,281
labuh,69,2.657,281
wilayah,56,2.863,281
kalimantan,64,2.731,281
laut,60,2.795,281
pariwisata,70,2.643,281
pantai,60,2.795,281
air,440,0.433,282
kabupaten,124,1.694,282
ikan,336,0.702,282
hasil,61,2.395,282
tangkap,167,1.398,282
guna,52,2.552,282
analisis,104,1.868,282
laut,62,2.379,282
selatan,55,2.497,282
jawa,65,2.332,282
pulau,112,1.795,282
teluk,54,2.515,282
barat,56,2.479,282
air,95,0.852,283
kabupaten,86,0.95,283
kabupaten,80,1.057,284
tani,83,1.062,285
ikan,76,1.149,285
tangkap,94,0.939,285
kabupaten,116,0.731,285
analisis,59,1.399,285
air,64,1.319,285
kabupaten,52,1.194,286
kabupaten,116,0.594,287
camat,66,1.152,287
provinsi,60,1.246,287
pesisir,112,1.417,288
kota,88,1.656,288
kabupaten,132,1.254,288
analisis,63,1.985,288
ekonomi,101,1.519,288
air,50,2.212,288
pantai,119,1.357,288
mangrove,56,2.101,288
nelayan,70,1.882,288
masyarakat,76,1.8,288
dampak,56,2.101,288
camat,71,1.868,288
sosial,61,2.017,288
air,60,1.635,289
daerah,192,0.484,289
sungai,56,1.703,289
kabupaten,74,1.429,289
istimewa,71,1.47,289
yogyakarta,79,1.364,289
kabupaten,71,1.041,290
masyarakat,138,0.567,291
kabupaten,88,1.013,291
daya,86,1.035,291
camat,65,1.312,291
desa,76,1.157,291
ternak,186,0.991,292
sapi,178,1.035,292
kabupaten,266,0.635,292
pengaruh,61,2.095,292
perah,55,2.197,292
desa,107,1.54,292
tani,94,1.669,292
terna,60,2.112,292
tingkat,67,2.003,292
usaha,61,2.095,292
camat,151,1.199,292
kelompok,81,1.816,292
analisis,97,1.638,292
dapat,74,1.905,292
potong,70,1.96,292
kabupaten,51,1.136,293
kembang,225,2.127,294
lalu,76,3.204,294
sistem,55,3.522,294
model,53,3.559,294
sulawesi,52,3.577,294
selatan,80,3.153,294
sapi,55,3.522,294
desa,781,0.886,294
camat,950,0.69,294
kabupaten,1549,0.201,294
wilayah,98,2.952,294
kaji,86,3.082,294
sosial,50,3.616,294
ekonomi,102,2.913,294
masyarakat,258,1.991,294
studi,217,2.163,294
kasus,200,2.244,294
sleman,65,3.358,294
analisis,334,1.733,294
kelola,95,2.983,294
bangun,58,3.47,294
strategi,65,3.358,294
tani,210,2.196,294
bas,67,3.328,294
kerja,50,3.616,294
daerah,112,2.82,294
kota,54,3.54,294
efisiensi,56,3.504,294
usahatani,86,3.082,294
padi,98,2.952,294
pulau,51,3.596,294
jawa,226,2.123,294
guna,50,3.616,294
ikan,115,2.794,294
pasar,52,3.577,294
pangan,82,3.129,294
produk,58,3.47,294
provinsi,159,2.472,294
olah,62,3.404,294
air,113,2.811,294
kelompok,73,3.243,294
semarang,56,3.504,294
wisata,85,3.093,294
pengaruh,51,3.596,294
lahan,83,3.117,294
tengah,112,2.82,294
program,75,3.217,294
daya,140,2.599,294
nelayan,57,3.487,294
usaha,132,2.657,294
industri,89,3.048,294
hutan,51,3.596,294
tanam,81,3.141,294
barat,278,1.916,294
pesisir,56,3.504,294
utara,61,3.42,294
timur,54,3.54,294
manfaat,62,3.404,294
rumah,80,3.153,294
tingkat,133,2.65,294
bandung,71,3.271,294
produksi,60,3.437,294
tangga,53,3.559,294
potensi,88,3.059,294
pola,82,3.129,294
dapat,71,3.271,294
tahun,52,3.577,294
pulau,106,0.911,295
air,68,1.349,295
kabupaten,51,1.632,295
laut,75,1.253,295
kabupaten,97,0.762,296
camat,72,1.057,296
tingkat,63,1.188,296
desa,50,1.415,296
sulawesi,127,0.641,297
selatan,108,0.802,297
kabupaten,129,0.626,297
air,54,1.486,297
provinsi,51,1.542,297
kabupaten,84,1.038,298
utara,71,1.204,298
sumatera,63,1.322,298
kabupaten,67,0.934,299
usaha,54,1.146,299
ikan,52,1.183,299
kabupaten,79,1.119,300
potensi,93,0.958,300
airtanah,54,1.494,300
putih,71,2.535,301
efek,50,2.879,301
ekstrak,603,0.408,301
daun,355,0.936,301
tikus,142,1.848,301
induksi,73,2.507,301
pengaruh,110,2.102,301
beri,71,2.535,301
etanolik,53,2.822,301
mencit,69,2.563,301
uji,139,1.87,301
aktivitas,308,1.078,301
sel,68,2.577,301
antibakteri,59,2.717,301
etanol,116,2.049,301
antioksidan,111,2.093,301
kombinasi,68,2.577,301
senyawa,59,2.717,301
proses,142,1.113,302
pengaruh,72,1.785,302
guna,74,1.758,302
tingkat,80,1.681,302
produksi,107,1.393,302
minyak,50,2.144,302
asam,57,2.015,302
ekstraksi,67,1.856,302
sel,61,1.638,303
pengaruh,72,1.475,303
mencit,95,1.201,303
ekstrak,84,1.323,303
efek,77,1.408,303
mus,75,1.434,303
musculus,71,1.489,303
ekspresi,57,1.705,303
tikus,66,1.56,303
minyak,168,1.173,304
sintesis,214,0.932,304
aplikasi,56,2.26,304
guna,111,1.584,304
katalis,158,1.234,304
pengaruh,55,2.277,304
aktivitas,52,2.332,304
metode,63,2.144,304
buat,54,2.295,304
nanopartikel,51,2.351,304
asam,60,2.192,304
bahan,131,0.791,305
baku,67,1.454,305
senyawa,199,0.859,306
aktivitas,166,1.039,306
vitro,74,1.839,306
uji,147,1.16,306
sitotoksik,65,1.967,306
sel,163,1.057,306
kanker,122,1.345,306
payudara,64,1.983,306
ekstrak,80,1.763,306
daun,53,2.168,306
sintesis,112,1.43,306
turun,61,2.03,306
antikanker,55,2.132,306
pengaruh,61,1.456,307
mencit,76,1.24,307
sapi,75,1.325,308
olah,120,1.583,309
limbah,313,0.629,309
cair,168,1.249,309
industri,80,1.984,309
guna,102,1.744,309
pengaruh,71,2.102,309
fermentasi,68,2.144,309
bahan,50,2.447,309
susu,55,2.353,309
kadar,59,2.284,309
air,51,2.427,309
protein,84,1.152,310
pengaruh,276,1.031,311
tumbuh,131,1.773,311
ikan,96,2.081,311
tambah,120,1.86,311
pakan,310,0.916,311
beri,279,1.021,311
suplementasi,57,2.595,311
tingkat,60,2.545,311
darah,110,1.946,311
kadar,235,1.192,311
protein,66,2.451,311
tepung,60,2.545,311
daun,68,2.421,311
ekstrak,121,1.851,311
buat,57,2.595,311
asam,50,2.724,311
kolesterol,68,2.421,311
jantan,62,2.512,311
tikus,143,1.686,311
beda,60,2.545,311
kambing,58,2.578,311
batang,76,1.602,312
fermentasi,76,1.602,312
aktivitas,117,1.175,312
antioksidan,115,1.192,312
kulit,118,1.166,312
ekstrak,70,1.683,312
senyawa,85,1.491,312
antibakteri,94,1.636,313
ekstrak,53,2.201,313
bakteri,262,0.618,313
identifikasi,77,1.834,313
asam,221,0.788,313
laktat,132,1.3,313
isolasi,128,1.331,313
karakterisasi,52,2.22,313
aktivitas,86,1.724,313
hasil,56,2.147,313
senyawa,62,2.047,313
fermentasi,58,2.113,313
guna,58,1.656,314
pengaruh,60,1.622,314
guna,51,1.705,315
tingkat,50,3.069,316
kualitas,98,2.406,316
daging,142,2.038,316
tambah,150,1.984,316
tepung,322,1.224,316
bahan,81,2.595,316
ubah,59,2.907,316
mutu,53,3.012,316
lama,77,2.645,316
simpan,70,2.739,316
kadar,67,2.782,316
air,50,3.069,316
sifat,200,1.698,316
fisik,197,1.713,316
fermentasi,90,2.49,316
guna,188,1.759,316
pengaruh,320,1.23,316
kandung,74,2.684,316
hasil,56,2.958,316
fisikokimia,56,2.958,316
cerna,85,2.547,316
ayam,252,1.468,316
broiler,131,2.118,316
beri,131,2.118,316
protein,151,1.977,316
ikan,88,2.513,316
pakan,102,2.367,316
lemak,76,2.657,316
asam,81,2.595,316
ransum,178,1.814,316
produksi,56,2.958,316
telur,133,2.103,316
karakteristik,108,2.31,316
beda,96,2.427,316
limbah,73,2.697,316
ekstrak,61,2.874,316
daun,69,2.753,316
kimia,121,2.197,316
larut,51,3.05,316
organoleptik,51,3.05,316
merah,62,2.858,316
itik,85,2.547,316
pengaruh,56,1.78,317
ekstrak,51,1.872,317
buah,85,1.369,317
ekstrak,105,1.054,318
uji,129,0.849,318
aktivitas,59,1.623,318
pengaruh,72,1.828,319
sintesis,161,1.031,319
karakterisasi,100,1.503,319
guna,61,1.991,319
kitosan,53,2.129,319
komposit,55,2.093,319
metode,58,2.041,319
ikan,181,0.767,320
lele,57,1.911,320
air,52,2.001,320
pengaruh,66,1.767,320
kandung,83,1.54,320
clarias,50,2.039,320
patient,50,1.64,321
blood,128,1.122,322
glucos,54,1.974,322
level,179,0.788,322
effect,53,1.992,322
patient,68,1.747,322
correl,65,1.792,322
patient,77,1.37,323
adolesc,92,2.115,324
health,88,2.159,324
indonesia,357,0.767,324
factor,132,1.757,324
associ,95,2.083,324
woman,57,2.587,324
statu,53,2.659,324
crosssect,54,2.64,324
studi,231,1.201,324
child,120,1.852,324
among,295,0.957,324
patient,102,2.013,324
preval,110,1.938,324
risk,97,2.063,324
high,51,2.696,324
indonesian,123,1.827,324
infect,64,2.473,324
effect,56,1.84,325
level,91,1.362,325
patient,127,1.031,325
cancer,59,1.789,325
qualiti,54,1.876,325
patient,100,0.987,326
supplement,64,1.417,327
effect,58,1.513,327
level,51,1.64,327
infect,90,1.156,328
patient,72,1.376,328
patient,65,1.394,329
acut,78,1.214,329
growth,65,2.701,330
effect,109,2.19,330
factor,65,2.701,330
level,73,2.587,330
respons,53,2.902,330
patient,151,1.867,330
associ,63,2.732,330
risk,51,2.939,330
diseas,51,2.939,330
polymorph,61,2.763,330
indonesian,104,2.237,330
adult,60,2.78,330
woman,136,1.971,330
child,95,2.326,330
indonesia,120,2.095,330
studi,73,2.587,330
among,53,2.902,330
health,65,2.701,330
mother,55,2.865,330
syndrom,71,2.614,330
risk,187,0.69,331
factor,184,0.707,331
patient,60,1.524,332
oral,51,1.684,332
chronic,60,1.524,332
bodi,74,2.503,333
effect,93,2.277,333
model,72,2.53,333
level,104,2.166,333
among,63,2.661,333
patient,504,0.595,333
indonesia,108,2.129,333
diseas,217,1.436,333
serum,77,2.463,333
studi,77,2.463,333
chronic,61,2.693,333
hospit,60,2.709,333
indonesian,63,2.661,333
associ,61,2.693,333
diabet,65,2.63,333
tuberculosi,191,1.563,333
correl,55,2.795,333
factor,50,2.888,333
pulmonari,154,1.777,333
hospit,270,0.525,334
jakarta,57,2.066,334
patient,179,0.934,334
gener,92,1.594,334
indonesia,107,1.445,334
profil,53,2.138,334
therapi,56,1.641,335
indonesia,62,1.54,335
patient,68,1.449,335
treatment,65,1.494,335
effect,63,1.525,335
child,132,1.138,336
indonesia,53,2.039,336
polymorph,146,1.038,336
associ,67,1.809,336
gene,136,1.108,336
indonesian,52,2.058,336
age,58,1.951,336
effect,63,1.884,337
type,139,1.101,337
qualiti,187,0.806,337
diabet,165,0.931,337
mellitu,129,1.175,337
life,113,1.306,337
patient,160,0.961,337
famili,76,1.418,338
effect,67,1.543,338
patient,64,1.588,338
patient,56,1.623,339
primari,50,1.735,339
health,55,1.641,339
behavior,63,2.122,340
health,283,0.631,340
indonesia,114,1.535,340
hospit,78,1.911,340
factor,65,2.091,340
commun,69,2.032,340
center,85,1.826,340
public,58,2.203,340
patient,95,1.716,340
makan,52,1.73,341
pasien,71,1.424,341
tingkat,86,0.781,342
pasien,60,1.136,342
kota,63,1.351,343
lansia,52,1.539,343
hubung,53,2.369,344
layan,98,1.763,344
pasien,84,1.915,344
rumah,346,0.509,344
sakit,341,0.523,344
analisis,61,2.231,344
anak,58,2.28,344
sistem,56,2.315,344
sehat,66,2.153,344
kota,55,2.332,344
rawat,62,2.215,344
tahun,67,2.138,344
evaluasi,62,2.215,344
umum,81,1.951,344
daerah,72,2.067,344
awat,69,2.109,344
kerja,54,2.351,344
hubung,342,1.077,345
kerja,88,2.426,345
analisis,105,2.251,345
puas,90,2.404,345
pasien,448,0.808,345
laksana,80,2.52,345
puskesmas,67,2.695,345
kabupaten,56,2.872,345
guna,59,2.82,345
pengaruh,151,1.891,345
kualitas,91,2.393,345
layan,84,2.472,345
rawat,195,1.637,345
inap,149,1.904,345
rumah,125,2.078,345
sakit,166,1.797,345
tingkat,77,2.558,345
rsup,58,2.837,345
perilaku,51,2.963,345
awat,217,1.53,345
ruang,79,2.533,345
instalasi,57,2.854,345
sehat,73,2.611,345
anak,51,2.963,345
kadar,101,2.29,345
darah,74,2.597,345
derita,56,2.872,345
diabetes,150,1.897,345
tipe,122,2.103,345
tahu,53,2.926,345
jalan,50,2.983,345
melitus,87,2.437,345
yogyakarta,54,2.907,345
hidup,70,2.652,345
faktor,86,2.449,345
tahun,95,2.35,345
rsud,159,1.84,345
kota,110,2.205,345
jadi,66,2.71,345
makassar,110,2.205,345
pasien,66,1.542,346
derita,98,1.151,346
terapi,61,1.619,346
perilaku,167,1.216,347
sehat,72,2.05,347
remaja,194,1.067,347
kota,217,0.956,347
indonesia,69,2.092,347
analisis,58,2.263,347
yogyakarta,110,1.631,347
faktor,55,2.315,347
semarang,54,2.333,347
hubung,92,1.808,347
pengaruh,53,2.351,347
anak,74,2.023,347
tahun,60,2.229,347
konsumsi,65,1.157,348
hidup,87,0.86,349
sehat,51,1.386,349
pasien,53,1.427,350
rsud,54,1.409,350
pasien,88,1.121,351
obat,99,1.004,351
paru,66,1.405,351
tuberkulosis,65,1.42,351
hubung,66,1.821,352
keluarga,94,1.472,352
dukung,58,1.948,352
usia,144,1.049,352
anak,226,0.601,352
sosial,76,1.682,352
ganggu,60,1.915,352
kabupaten,155,0.588,353
camat,87,1.161,353
cegah,51,1.687,353
tingkat,65,1.603,354
didik,64,1.619,354
tahu,123,0.973,354
sehat,180,0.595,354
pengaruh,63,1.634,354
sikap,85,1.339,354
masyarakat,56,1.75,354
faktor,199,0.754,355
risiko,142,1.089,355
faktorfaktor,107,1.37,355
pengaruh,88,1.563,355
anak,66,1.847,355
analisis,55,2.027,355
jadi,158,0.983,355
hubung,103,1.408,355
kabupaten,82,1.633,355
kota,81,1.645,355
tahun,60,1.941,355
hubung,116,1.217,356
gizi,197,0.691,356
asupan,136,1.059,356
anak,56,1.936,356
tingkat,55,1.954,356
zat,92,1.446,356
status,146,0.988,356
remaja,71,1.702,356
obesitas,62,1.836,356
wanita,53,1.99,356
darah,62,1.366,358
demam,59,1.415,358
dengue,66,1.305,358
hubung,107,1.105,359
wilayah,183,0.572,359
kerja,172,0.634,359
puskesmas,211,0.43,359
kabupaten,95,1.223,359
balita,68,1.553,359
jadi,66,1.582,359
tahun,74,1.469,359
ibu,57,1.726,359
kota,79,1.405,359
beri,72,1.417,360
ibu,82,1.288,360
bayi,95,1.143,360
hamil,60,1.596,360
