word,df,idf,id_topic
dye,264,3.746,1
solar,373,3.401,1
cell,506,3.097,1
zno,305,3.602,1
fabric,255,3.78,1
thin,270,3.723,1
film,581,2.959,1
spray,120,4.529,1
properti,1044,2.374,1
pengaruh,121,4.521,1
character,855,2.573,1
method,998,2.419,1
enhanc,281,3.683,1
hydrogen,190,4.073,1
water,278,3.694,1
surfac,346,3.476,1
modif,187,4.089,1
tio2,301,3.615,1
prepar,810,2.627,1
modifi,274,3.709,1
layer,170,4.184,1
nanoparticl,745,2.711,1
investig,164,4.219,1
electr,176,4.149,1
structur,517,3.075,1
use,1879,1.786,1
reduct,153,4.288,1
irradi,133,4.427,1
stabil,131,4.442,1
variou,119,4.538,1
glycol,119,4.538,1
effect,1482,2.023,1
potenti,137,4.398,1
copper,111,4.607,1
deposit,194,4.052,1
materi,533,3.045,1
electrolyt,141,4.369,1
polym,364,3.425,1
blue,122,4.513,1
acid,799,2.641,1
synthesi,1569,1.966,1
composit,714,2.753,1
membran,587,2.949,1
dope,241,3.836,1
photocatalyt,165,4.213,1
activ,538,3.036,1
degrad,206,3.993,1
system,242,3.832,1
influenc,288,3.659,1
applic,574,2.971,1
reaction,192,4.063,1
synthes,269,3.727,1
oil,438,3.241,1
studi,1035,2.382,1
poli,162,4.232,1
chitosan,312,3.579,1
ion,448,3.218,1
wast,226,3.9,1
lithium,123,4.505,1
batteri,134,4.42,1
analysi,306,3.598,1
solid,157,4.263,1
extract,233,3.87,1
fuel,164,4.219,1
current,101,4.7,1
cellulos,235,3.861,1
produc,140,4.377,1
medium,109,4.625,1
oxid,609,2.912,1
addit,267,3.734,1
ionic,102,4.691,1
liquid,130,4.45,1
high,148,4.321,1
densiti,146,4.335,1
separ,143,4.355,1
mechan,281,3.683,1
conduct,172,4.172,1
improv,174,4.16,1
perform,365,3.423,1
palm,183,4.11,1
acet,124,4.497,1
direct,114,4.58,1
methanol,105,4.662,1
thermal,260,3.761,1
morpholog,205,3.997,1
via,181,4.121,1
green,115,4.572,1
base,573,2.973,1
methyl,108,4.634,1
sand,115,4.572,1
biodiesel,251,3.796,1
crosslink,106,4.652,1
rubber,119,4.538,1
seed,103,4.681,1
novel,104,4.671,1
product,399,3.334,1
process,354,3.453,1
time,158,4.256,1
calcium,129,4.458,1
differ,121,4.521,1
coat,308,3.592,1
absorpt,136,4.405,1
carbon,836,2.595,1
dioxid,129,4.458,1
adsorb,175,4.155,1
treatment,216,3.945,1
develop,164,4.219,1
determin,126,4.481,1
chemic,110,4.616,1
low,131,4.442,1
temperatur,431,3.257,1
format,205,3.997,1
ash,137,4.398,1
zeolit,306,3.598,1
remov,230,3.883,1
natur,405,3.319,1
physic,111,4.607,1
adsorpt,530,3.051,1
crystal,245,3.82,1
phase,157,4.263,1
hydrotherm,132,4.435,1
glass,124,4.497,1
co2,159,4.25,1
fiber,214,3.955,1
concentr,298,3.625,1
electrochem,165,4.213,1
particl,185,4.1,1
nickel,130,4.45,1
mesopor,158,4.256,1
combin,108,4.634,1
agent,165,4.213,1
kinet,260,3.761,1
catalyt,155,4.275,1
matrix,117,4.555,1
nanocomposit,225,3.905,1
aqueou,184,4.105,1
compound,120,4.529,1
solut,393,3.349,1
metal,332,3.517,1
imprint,121,4.521,1
function,264,3.746,1
optim,179,4.132,1
select,124,4.497,1
complex,181,4.121,1
sodium,183,4.11,1
catalyst,576,2.967,1
characterist,342,3.488,1
shell,150,4.308,1
surfact,116,4.563,1
substrat,104,4.671,1
gel,150,4.308,1
rice,146,4.335,1
organ,136,4.405,1
techniqu,144,4.349,1
evalu,165,4.213,1
zinc,142,4.362,1
deriv,173,4.166,1
control,101,4.7,1
releas,109,4.625,1
behavior,112,4.598,1
nanofib,134,4.42,1
alcohol,119,4.538,1
iii,121,4.521,1
gold,129,4.458,1
electrod,315,3.57,1
detect,135,4.413,1
reduc,155,4.275,1
graphen,254,3.784,1
silver,126,4.481,1
model,220,3.927,1
alloy,111,4.607,1
nanotub,161,4.238,1
bone,121,4.521,1
plasma,123,4.505,1
optic,250,3.8,1
sensor,228,3.892,1
molecular,110,4.616,1
powder,106,4.652,1
electron,155,4.275,1
iron,191,4.068,1
magnet,263,3.749,1
microwav,163,4.225,1
nano,123,4.505,1
silica,314,3.573,1
nanostructur,111,4.607,1
solvent,137,4.398,1
simul,122,4.513,1
hybrid,178,4.138,1
corros,106,4.652,1
solgel,150,4.308,1
calcul,110,4.616,1
laser,124,4.497,1
sensit,133,4.427,1
sistem,1044,2.049,2
informasi,708,2.437,2
daerah,312,3.255,2
analisis,1340,1.8,2
ancang,216,3.621,2
data,111,4.282,2
pegawai,197,3.713,2
bangun,355,3.126,2
unit,115,4.247,2
kelola,186,3.77,2
kota,611,2.584,2
web,147,4.004,2
kabupaten,454,2.881,2
aplikasi,222,3.594,2
kantor,184,3.78,2
strategi,340,3.169,2
indonesia,1161,1.943,2
proses,149,3.99,2
bas,410,2.982,2
studi,1585,1.632,2
hubung,236,3.533,2
motivasi,160,3.919,2
kerja,1503,1.685,2
harga,262,3.429,2
kaji,107,4.319,2
kembang,373,3.077,2
semarang,273,3.388,2
industri,382,3.053,2
bijak,359,3.115,2
jawa,207,3.663,2
tengah,194,3.728,2
sektor,157,3.938,2
dagang,105,4.337,2
jasa,144,4.024,2
hak,109,4.3,2
milik,140,4.052,2
produksi,179,3.808,2
tingkat,503,2.778,2
kasus,853,2.251,2
pengaruh,1756,1.529,2
tenaga,137,4.074,2
modal,248,3.483,2
ekonomi,179,3.808,2
provinsi,152,3.97,2
periode,197,3.713,2
kualitas,385,3.045,2
tahun,441,2.91,2
didik,108,4.31,2
perintah,360,3.112,2
negeri,116,4.239,2
produk,407,2.99,2
surabaya,175,3.83,2
struktur,110,4.291,2
variabel,247,3.487,2
perspektif,133,4.103,2
tindak,131,4.118,2
dampak,137,4.074,2
rumah,131,4.118,2
sosial,175,3.83,2
nilai,314,3.248,2
negara,227,3.572,2
perban,199,3.703,2
faktor,122,4.189,2
langgan,168,3.871,2
persero,186,3.77,2
puas,400,3.007,2
layan,530,2.726,2
sehat,184,3.78,2
guna,682,2.474,2
putus,327,3.208,2
usaha,1138,1.963,2
ukur,219,3.607,2
bank,482,2.821,2
syariah,334,3.187,2
terap,297,3.304,2
metode,403,2.999,2
pasar,392,3.027,2
lembaga,163,3.901,2
kecil,120,4.205,2
perilaku,116,4.239,2
konsumen,229,3.563,2
atas,168,3.871,2
beli,187,3.764,2
efek,288,3.334,2
dasar,208,3.659,2
saing,119,4.213,2
evaluasi,177,3.819,2
masyarakat,190,3.749,2
biaya,236,3.533,2
manajemen,483,2.819,2
model,381,3.055,2
lalu,307,3.271,2
dekat,219,3.607,2
peran,251,3.471,2
pimpin,141,4.045,2
daya,187,3.764,2
dukung,132,4.111,2
organisasi,310,3.261,2
profitabilitas,127,4.149,2
saham,281,3.359,2
hukum,648,2.525,2
nasional,147,4.004,2
laksana,162,3.907,2
undangundang,115,4.247,2
nomor,182,3.791,2
publik,161,3.913,2
implementasi,281,3.359,2
badan,113,4.265,2
lindung,200,3.698,2
bisnis,177,3.819,2
manufaktur,171,3.853,2
tinjau,152,3.97,2
faktorfaktor,125,4.165,2
yogyakarta,128,4.141,2
kendali,130,4.126,2
lingkung,176,3.825,2
risiko,178,3.813,2
bursa,276,3.377,2
daftar,299,3.297,2
bei,107,4.319,2
jakarta,101,4.376,2
uang,430,2.935,2
tentu,130,4.126,2
tbk,173,3.842,2
lapor,161,3.913,2
empiris,206,3.668,2
hasil,142,4.038,2
corporate,126,4.157,2
kredit,115,4.247,2
umum,134,4.096,2
budaya,126,4.157,2
karyawan,352,3.134,2
komunikasi,109,4.3,2
program,137,4.074,2
audit,157,3.938,2
akuntansi,106,4.328,2
cabang,138,4.066,2
pilih,112,4.273,2
tata,101,4.376,2
camat,126,4.157,2
adil,121,4.197,2
loyalitas,117,4.23,2
teknologi,137,4.074,2
desa,111,4.282,2
persepsi,122,4.189,2
medan,166,3.883,2
bandung,115,4.247,2
dinas,121,4.197,2
rancang,110,4.291,2
governance,106,4.328,2
atur,122,4.189,2
karakteristik,102,4.366,2
jual,125,4.165,2
laku,118,4.222,2
pidana,125,4.165,2
komitmen,140,4.052,2
pajak,216,3.621,2
laba,101,4.376,2
intervening,111,4.282,2
larva,104,4.411,3
leaf,526,2.797,3
seed,314,3.312,3
indonesia,198,3.771,3
product,467,2.916,3
oil,980,2.176,3
potenti,275,3.444,3
use,680,2.541,3
feed,329,3.265,3
properti,167,3.941,3
ethyl,148,4.061,3
growth,296,3.371,3
essenti,174,3.9,3
protein,216,3.685,3
contain,147,4.067,3
antioxid,889,2.273,3
activ,2049,1.439,3
differ,245,3.559,3
ferment,230,3.622,3
leav,894,2.268,3
tilapia,154,4.021,3
oreochromi,117,4.294,3
evalu,258,3.508,3
meal,116,4.302,3
plant,183,3.85,3
diet,206,3.732,3
applic,131,4.182,3
effect,1775,1.582,3
perform,187,3.828,3
qualiti,214,3.694,3
supplement,215,3.689,3
niloticu,103,4.42,3
white,117,4.294,3
fed,160,3.983,3
level,304,3.344,3
green,105,4.401,3
develop,116,4.302,3
vitro,564,2.728,3
cytotox,181,3.86,3
extract,3173,1.002,3
fraction,357,3.184,3
formul,219,3.671,3
toxic,218,3.675,3
concentr,169,3.929,3
fruit,658,2.574,3
determin,150,4.047,3
method,231,3.618,3
content,411,3.043,3
fish,165,3.953,3
red,303,3.347,3
addit,161,3.977,3
agent,157,4.002,3
increas,118,4.285,3
system,115,4.311,3
water,212,3.703,3
peel,139,4.123,3
bean,112,4.337,3
bacteria,156,4.008,3
streptococcu,145,4.081,3
test,219,3.671,3
mangosteen,179,3.872,3
garcinia,244,3.563,3
cell,430,2.998,3
induc,219,3.671,3
antibacteri,430,2.998,3
inhibitori,194,3.792,3
curcuma,292,3.384,3
high,111,4.346,3
rat,962,2.194,3
studi,407,3.053,3
stem,115,4.311,3
inhibit,234,3.605,3
express,134,4.159,3
wistar,176,3.888,3
blood,243,3.567,3
glucos,129,4.197,3
diabet,222,3.657,3
model,201,3.756,3
analysi,257,3.512,3
bioactiv,177,3.883,3
compound,547,2.758,3
sargassum,111,4.346,3
solvent,110,4.355,3
optim,140,4.116,3
palm,543,2.766,3
empti,199,3.766,3
bunch,216,3.685,3
phytochem,175,3.894,3
ethanol,759,2.431,3
broiler,184,3.844,3
male,152,4.034,3
ration,106,4.392,3
chemic,144,4.088,3
composit,158,3.996,3
characterist,132,4.174,3
lipid,165,3.953,3
combin,253,3.527,3
process,123,4.244,3
acid,296,3.371,3
profil,305,3.341,3
liver,151,4.041,3
linn,248,3.547,3
asiatica,103,4.42,3
isol,290,3.391,3
total,209,3.717,3
base,174,3.9,3
potenc,127,4.212,3
natur,107,4.382,3
crude,170,3.923,3
piper,101,4.44,3
metabolit,102,4.43,3
chicken,133,4.167,3
fatti,107,4.382,3
antimicrobi,156,4.008,3
enzym,177,3.883,3
bark,149,4.054,3
phenol,191,3.807,3
vivo,118,4.285,3
identif,131,4.182,3
roxb,172,3.911,3
mouse,440,2.975,3
tea,155,4.015,3
seawe,116,4.302,3
mangostana,164,3.959,3
cancer,137,4.137,3
flavonoid,149,4.054,3
character,237,3.592,3
methanol,133,4.167,3
toward,104,4.411,3
rice,108,4.373,3
improv,138,4.13,3
rattu,148,4.061,3
norvegicu,125,4.228,3
acet,146,4.074,3
synthesi,114,4.32,3
nanoparticl,113,4.328,3
lour,135,4.152,3
skin,148,4.061,3
indonesian,199,3.766,3
merr,111,4.346,3
produksi,752,2.287,4
tumbuh,1362,1.693,4
simpan,228,3.477,4
suhu,215,3.535,4
indonesia,183,3.696,4
padi,602,2.509,4
tingkat,410,2.892,4
ragam,204,3.588,4
benih,277,3.283,4
ikan,129,4.043,4
beri,341,3.076,4
beda,317,3.149,4
aplikasi,343,3.07,4
metode,226,3.486,4
potensi,245,3.405,4
kelapa,436,2.831,4
media,281,3.269,4
studi,157,3.848,4
proses,137,3.983,4
sistem,205,3.583,4
kualitas,222,3.503,4
air,282,3.265,4
lama,179,3.718,4
genetik,253,3.373,4
kabupaten,217,3.526,4
populasi,181,3.707,4
limbah,174,3.746,4
budidaya,148,3.907,4
nitrogen,131,4.028,4
medium,143,3.941,4
effect,134,4.005,4
tiga,150,3.893,4
varietas,349,3.053,4
kaji,112,4.183,4
sinar,102,4.276,4
mutu,137,3.983,4
lalu,189,3.664,4
growth,184,3.69,4
guna,449,2.801,4
jenis,267,3.32,4
respons,158,3.842,4
capsicum,180,3.712,4
tanah,473,2.749,4
daya,132,4.02,4
buah,191,3.653,4
kakao,132,4.02,4
bakteri,331,3.105,4
pengaruh,1083,1.922,4
jamur,185,3.685,4
kandung,195,3.632,4
analisis,331,3.105,4
produktivitas,129,4.043,4
variasi,102,4.276,4
kompos,123,4.09,4
organik,334,3.096,4
ering,103,4.266,4
jagung,364,3.011,4
beberapa,315,3.155,4
kering,225,3.49,4
ubah,106,4.238,4
sifat,124,4.082,4
tomat,154,3.867,4
kadar,103,4.266,4
umur,124,4.082,4
konsentrasi,200,3.607,4
tanam,1443,1.635,4
hasil,747,2.293,4
solanum,146,3.92,4
panen,102,4.276,4
bawang,171,3.763,4
merah,299,3.207,4
allium,114,4.166,4
bagai,256,3.362,4
ubi,157,3.848,4
jalar,104,4.257,4
laku,140,3.962,4
bahan,187,3.674,4
cabai,258,3.354,4
sawit,389,2.944,4
kayu,147,3.913,4
vitro,264,3.331,4
tebu,116,4.148,4
lahan,202,3.597,4
mikoriza,130,4.035,4
annuum,115,4.157,4
var,126,4.066,4
hayati,161,3.823,4
pupuk,541,2.615,4
daun,239,3.43,4
kendali,205,3.583,4
sakit,245,3.405,4
fusarium,115,4.157,4
trichoderma,109,4.21,4
spp,167,3.787,4
bibit,240,3.426,4
karakteristik,133,4.013,4
fungi,160,3.829,4
tahan,219,3.517,4
akar,142,3.948,4
seleksi,153,3.874,4
karakter,252,3.377,4
cekam,153,3.874,4
identifikasi,216,3.531,4
kembang,187,3.674,4
cair,163,3.811,4
tambah,112,4.183,4
jarak,139,3.969,4
respon,180,3.712,4
kedelai,339,3.082,4
glycine,155,3.861,4
max,168,3.781,4
morfologi,162,3.817,4
asal,169,3.775,4
oryza,173,3.752,4
sativa,216,3.531,4
lokal,141,3.955,4
sawah,132,4.02,4
gen,122,4.098,4
isolat,126,4.066,4
uji,207,3.573,4
hijau,102,4.276,4
zea,114,4.166,4
mays,104,4.257,4
jacq,142,3.948,4
dasar,228,3.477,4
potato,107,4.228,4
kentang,107,4.228,4
aktivitas,109,4.21,4
dosis,173,3.752,4
elaeis,108,4.219,4
guineensis,105,4.247,4
kebun,155,3.861,4
tunas,100,4.295,4
kacang,138,3.976,4
kultur,150,3.893,4
tinggi,147,3.913,4
kultivar,147,3.913,4
karakterisasi,175,3.74,4
gamma,110,4.201,4
biji,109,4.21,4
optimasi,135,3.998,4
batang,117,4.14,4
manfaat,136,3.991,4
induksi,168,3.781,4
kombinasi,106,4.238,4
genotipe,129,4.043,4
jawa,159,3.835,4
klon,104,4.257,4
komposisi,100,4.295,4
anggrek,105,4.247,4
model,289,3.402,5
human,648,2.596,5
virus,172,3.918,5
express,1001,2.162,5
cell,1579,1.706,5
carcinoma,228,3.638,5
bacteri,149,4.061,5
role,199,3.773,5
diseas,256,3.522,5
analysi,453,2.953,5
correl,125,4.235,5
isol,862,2.311,5
identif,457,2.945,5
bacteria,619,2.642,5
evalu,146,4.081,5
inhibit,230,3.629,5
gene,918,2.248,5
infect,252,3.538,5
effect,756,2.442,5
tissu,187,3.835,5
cultur,193,3.804,5
studi,420,3.029,5
detect,250,3.546,5
deriv,226,3.646,5
stem,499,2.857,5
method,171,3.924,5
cancer,810,2.373,5
induc,262,3.499,5
genet,173,3.912,5
mesenchym,208,3.729,5
bone,306,3.345,5
molecular,455,2.949,5
avian,130,4.196,5
influenza,175,3.901,5
use,619,2.642,5
medium,129,4.204,5
prolifer,169,3.936,5
resist,275,3.451,5
growth,441,2.98,5
factor,273,3.458,5
endotheli,123,4.251,5
receptor,256,3.522,5
marker,192,3.809,5
product,268,3.477,5
character,411,3.05,5
rat,405,3.065,5
hepat,121,4.267,5
activ,616,2.647,5
breast,392,3.098,5
profil,137,4.144,5
patient,387,3.11,5
increas,239,3.591,5
immun,108,4.38,5
respons,175,3.901,5
dna,331,3.266,5
vaccin,132,4.181,5
mouse,232,3.62,5
level,187,3.835,5
potenti,297,3.374,5
applic,129,4.204,5
liver,147,4.074,5
gen,264,3.492,5
ekspresi,199,3.773,5
clone,102,4.437,5
viru,452,2.956,5
indonesia,554,2.752,5
chain,192,3.809,5
reaction,185,3.846,5
system,135,4.159,5
sequenc,174,3.907,5
acid,577,2.712,5
java,103,4.427,5
chronic,101,4.446,5
extract,305,3.348,5
tumor,100,4.456,5
base,218,3.682,5
dengu,173,3.912,5
protein,615,2.648,5
inhibitor,257,3.518,5
mutat,159,3.996,5
vitro,211,3.715,5
ferment,156,4.015,5
develop,146,4.081,5
polymorph,156,4.015,5
synthesi,107,4.389,5
probiot,229,3.633,5
candid,111,4.353,5
local,123,4.251,5
lactobacillu,219,3.678,5
enzym,110,4.362,5
lactic,213,3.705,5
indonesian,320,3.3,5
deteksi,110,4.362,5
mycobacterium,205,3.744,5
screen,203,3.753,5
recombin,121,4.267,5
escherichia,269,3.473,5
coli,304,3.351,5
fatti,103,4.427,5
diver,111,4.353,5
associ,188,3.83,5
chicken,186,3.84,5
milk,127,4.219,5
pcr,117,4.301,5
cytotox,257,3.518,5
indigen,144,4.095,5
polymeras,132,4.181,5
dock,156,4.015,5
plant,124,4.243,5
silico,116,4.309,5
curcumin,152,4.041,5
plantarum,139,4.13,5
cervic,115,4.318,5
colorect,100,4.456,5
differ,117,4.301,5
test,121,4.267,5
fibroblast,121,4.267,5
induct,100,4.456,5
produc,151,4.048,5
bacillu,172,3.918,5
novel,103,4.427,5
apoptosi,168,3.942,5
strain,150,4.054,5
combin,128,4.212,5
new,103,4.427,5
pathogen,128,4.212,5
type,108,4.38,5
line,226,3.646,5
tuberculosi,214,3.701,5
mcf7,113,4.335,5
antigen,143,4.102,5
staphylococcu,122,4.259,5
compound,118,4.292,5
perform,484,2.486,6
develop,474,2.507,6
system,1063,1.7,6
indonesia,282,3.024,6
effect,303,2.953,6
analysi,432,2.599,6
studi,646,2.198,6
base,619,2.24,6
evalu,312,2.924,6
integr,116,3.908,6
energi,365,2.767,6
storag,174,3.505,6
use,1120,1.648,6
oil,107,3.988,6
product,243,3.173,6
devic,133,3.772,6
water,149,3.659,6
fish,123,3.85,6
applic,746,2.054,6
qualiti,253,3.133,6
liquid,149,3.659,6
time,101,4.045,6
network,744,2.057,6
method,338,2.844,6
detect,227,3.241,6
electr,118,3.891,6
light,137,3.743,6
measur,317,2.908,6
design,713,2.099,6
monitor,318,2.905,6
sensor,497,2.459,6
wireless,262,3.098,6
data,142,3.707,6
mobil,135,3.757,6
approach,111,3.951,6
temperatur,235,3.206,6
commun,149,3.659,6
case,164,3.564,6
neural,306,2.943,6
process,141,3.714,6
optim,118,3.891,6
determin,111,3.951,6
implement,128,3.81,6
electron,109,3.969,6
smart,177,3.488,6
wave,114,3.925,6
imag,155,3.62,6
techniqu,160,3.589,6
array,135,3.757,6
preliminari,115,3.916,6
antenna,278,3.039,6
frequenc,141,3.714,6
radar,126,3.826,6
high,151,3.646,6
low,219,3.276,6
power,151,3.646,6
seismic,117,3.899,6
structur,279,3.035,6
solar,135,3.757,6
model,267,3.079,6
artifici,156,3.614,6
improv,159,3.595,6
control,152,3.639,6
optic,222,3.263,6
food,114,3.925,6
fiber,159,3.595,6
tomographi,131,3.787,6
pengaruh,567,2.573,7
kelas,645,2.444,7
giat,119,4.128,7
proses,150,3.898,7
ajar,2230,1.205,7
studi,533,2.635,7
kasus,204,3.592,7
smp,268,3.32,7
negeri,432,2.844,7
bandung,233,3.46,7
tahun,282,3.27,7
terap,575,2.559,7
konsep,310,3.175,7
upaya,219,3.522,7
kuliah,154,3.872,7
bangun,164,3.809,7
fakultas,158,3.846,7
didik,996,2.01,7
teknologi,195,3.637,7
universitas,306,3.188,7
kembang,703,2.358,7
mampu,614,2.494,7
pikir,233,3.46,7
kritis,147,3.918,7
lalu,527,2.646,7
implementasi,213,3.549,7
kerja,284,3.263,7
sekolah,697,2.367,7
tengah,189,3.668,7
smk,195,3.637,7
sistem,190,3.663,7
informasi,208,3.573,7
guru,424,2.863,7
tinggi,114,4.17,7
guna,578,2.554,7
model,859,2.158,7
strategi,240,3.43,7
komunikasi,379,2.975,7
mahasiswa,478,2.743,7
program,305,3.192,7
media,540,2.622,7
kabupaten,328,3.119,7
pustaka,198,3.622,7
masyarakat,315,3.159,7
ilmu,231,3.468,7
sosial,429,2.851,7
hubung,213,3.549,7
perilaku,109,4.215,7
hasil,508,2.683,7
peran,197,3.627,7
budaya,426,2.858,7
tingkat,1448,1.637,7
terampil,351,3.052,7
teknik,180,3.717,7
baca,143,3.945,7
bentuk,108,4.224,7
ekonomi,167,3.791,7
politik,201,3.607,7
lokal,178,3.728,7
siswa,1381,1.684,7
teks,100,4.3,7
sunda,158,3.846,7
dekat,201,3.607,7
jawa,192,3.652,7
perempuan,160,3.834,7
indonesia,589,2.535,7
kota,300,3.208,7
problem,122,4.103,7
based,110,4.206,7
learning,319,3.147,7
pecah,109,4.215,7
masalah,140,3.966,7
lingkung,158,3.846,7
serta,228,3.481,7
sma,343,3.075,7
kuasa,115,4.162,7
ipa,149,3.905,7
kreatif,114,4.17,7
materi,322,3.138,7
dasar,509,2.681,7
paham,222,3.508,7
tulis,208,3.573,7
analisis,435,2.838,7
nilai,232,3.464,7
camat,175,3.745,7
prestasi,131,4.032,7
bas,597,2.522,7
bahasa,607,2.505,7
karakter,240,3.43,7
karya,201,3.607,7
kaji,246,3.406,7
matematika,211,3.559,7
teliti,161,3.828,7
kooperatif,124,4.087,7
tipe,144,3.938,7
mata,281,3.273,7
efektivitas,149,3.905,7
metode,395,2.934,7
multimedia,118,4.136,7
aplikasi,127,4.063,7
kurikulum,101,4.29,7
kompetensi,265,3.332,7
diri,107,4.233,7
islam,279,3.28,7
anak,347,3.063,7
usia,135,4.003,7
main,147,3.918,7
matematis,128,4.055,7
sains,159,3.84,7
literasi,182,3.706,7
latih,186,3.684,7
perspektif,192,3.652,7
tahu,129,4.048,7
motivasi,179,3.722,7
inggris,108,4.224,7
fisika,118,4.136,7
barat,107,4.233,7
minat,106,4.242,7
buku,147,3.918,7
agama,110,4.206,7
daya,123,4.095,7
analisis,832,2.094,8
panas,123,3.999,8
air,407,2.808,8
karakteristik,384,2.866,8
alir,278,3.188,8
struktur,289,3.15,8
konstruksi,112,4.092,8
bangun,356,2.942,8
bas,271,3.214,8
lokal,146,3.829,8
manfaat,229,3.381,8
informasi,104,4.166,8
guna,1010,1.901,8
jalan,244,3.318,8
kembang,360,2.931,8
udara,211,3.463,8
dampak,130,3.944,8
tingkat,236,3.351,8
wisata,219,3.426,8
indonesia,218,3.43,8
kaji,453,2.701,8
bentuk,155,3.77,8
banjir,198,3.526,8
dasar,409,2.803,8
wilayah,229,3.381,8
semarang,276,3.196,8
kampung,142,3.857,8
kota,845,2.079,8
kawasan,616,2.395,8
ubah,439,2.733,8
ruang,401,2.823,8
pengaruh,639,2.358,8
masyarakat,288,3.153,8
kualitas,132,3.929,8
studi,967,1.944,8
kasus,641,2.355,8
barat,214,3.449,8
pola,124,3.991,8
model,481,2.642,8
lahan,482,2.64,8
iklim,115,4.066,8
akibat,242,3.326,8
kabupaten,536,2.534,8
desa,143,3.85,8
nilai,152,3.789,8
daya,110,4.11,8
das,219,3.426,8
sistem,383,2.869,8
kuat,203,3.501,8
bencana,237,3.347,8
rencana,286,3.16,8
distribusi,121,4.015,8
camat,208,3.477,8
bogor,116,4.057,8
risiko,107,4.137,8
tata,183,3.605,8
kerja,232,3.368,8
variasi,323,3.039,8
kondisi,113,4.083,8
cepat,111,4.101,8
jaring,158,3.751,8
prediksi,121,4.015,8
bahan,144,3.843,8
analisa,334,3.005,8
spasial,161,3.732,8
dekat,139,3.878,8
ancang,149,3.809,8
desain,134,3.914,8
hijau,110,4.11,8
surabaya,224,3.403,8
sungai,334,3.005,8
alam,181,3.616,8
buka,101,4.195,8
gedung,112,4.092,8
tentu,228,3.386,8
daerah,306,3.093,8
hujan,167,3.696,8
metode,452,2.704,8
muka,187,3.583,8
kelola,165,3.708,8
provinsi,129,3.952,8
evaluasi,230,3.377,8
identifikasi,122,4.007,8
tanah,245,3.314,8
estimasi,121,4.015,8
jawa,338,2.994,8
timur,148,3.816,8
data,203,3.501,8
potensi,125,3.983,8
lokasi,116,4.057,8
hasil,118,4.04,8
laut,152,3.789,8
tahun,143,3.85,8
hutan,406,2.811,8
karbon,109,4.119,8
yogyakarta,238,3.343,8
citra,418,2.782,8
satelit,138,3.885,8
tengah,159,3.744,8
aplikasi,129,3.952,8
banding,145,3.836,8
lingkung,248,3.302,8
mukim,184,3.599,8
kayu,177,3.638,8
listrik,117,4.049,8
lalu,140,3.871,8
gunung,316,3.061,8
sebar,117,4.049,8
rawan,106,4.147,8
meta,172,3.666,8
taman,302,3.106,8
nasional,221,3.417,8
arus,102,4.185,8
energi,106,4.147,8
gas,164,3.714,8
rumah,177,3.638,8
material,117,4.049,8
beban,114,4.075,8
kapal,259,3.259,8
pulau,144,3.843,8
rapi,108,4.128,8
bakar,176,3.643,8
simulasi,116,4.057,8
emisi,136,3.9,8
tipe,100,4.204,8
habitat,100,4.204,8
effect,555,2.507,9
model,955,1.965,9
comput,136,3.908,9
analysi,684,2.299,9
flow,545,2.525,9
control,1113,1.812,9
experiment,290,3.155,9
studi,584,2.456,9
system,1087,1.836,9
perform,408,2.814,9
heat,300,3.121,9
condit,124,4.0,9
transfer,120,4.032,9
characterist,176,3.652,9
reduct,101,4.203,9
vehicl,351,2.964,9
wind,189,3.581,9
turbin,208,3.486,9
simul,644,2.359,9
oper,119,4.041,9
product,152,3.798,9
scale,103,4.184,9
applic,191,3.571,9
use,1421,1.568,9
distribut,234,3.368,9
network,186,3.597,9
optim,715,2.254,9
algorithm,258,3.271,9
pressur,143,3.858,9
water,200,3.525,9
particl,189,3.581,9
swarm,147,3.831,9
filter,182,3.619,9
air,140,3.879,9
emiss,105,4.165,9
base,513,2.586,9
combust,107,4.146,9
guna,160,3.747,9
fluid,285,3.172,9
cfd,143,3.858,9
temperatur,141,3.872,9
dynam,496,2.619,9
design,660,2.334,9
integr,108,4.137,9
energi,239,3.347,9
indonesia,137,3.901,9
ship,164,3.722,9
implement,145,3.844,9
engin,198,3.535,9
oil,138,3.894,9
reactor,214,3.457,9
method,418,2.79,9
field,106,4.155,9
develop,286,3.169,9
hybrid,209,3.481,9
power,519,2.574,9
current,171,3.681,9
structur,112,4.101,9
numer,238,3.352,9
motion,165,3.716,9
gener,277,3.2,9
electr,256,3.279,9
motor,193,3.56,9
load,144,3.851,9
robot,217,3.444,9
improv,133,3.93,9
fuzzi,164,3.722,9
surfac,125,3.992,9
predict,137,3.901,9
kalman,107,4.146,9
estim,110,4.119,9
track,116,4.066,9
metode,100,4.213,9
stabil,245,3.323,9
logic,130,3.953,9
solar,133,3.93,9
problem,148,3.824,9
fuel,237,3.356,9
pipe,163,3.728,9
speed,135,3.915,9
process,129,3.961,9
voltag,145,3.844,9
singl,128,3.968,9
plant,152,3.798,9
small,127,3.976,9
respons,115,4.074,9
approach,134,3.923,9
investig,181,3.624,9
transmiss,116,4.066,9
educ,856,2.173,10
support,125,4.09,10
achiev,104,4.272,10
vocat,163,3.826,10
compet,161,3.839,10
child,181,3.722,10
implement,354,3.054,10
learn,1294,1.76,10
base,609,2.513,10
local,154,3.883,10
tradit,100,4.311,10
medium,235,3.462,10
student,1807,1.426,10
develop,946,2.073,10
critic,228,3.493,10
think,301,3.216,10
abil,273,3.313,10
technolog,428,2.865,10
knowledg,313,3.177,10
school,947,2.072,10
scienc,456,2.802,10
environ,127,4.074,10
percept,109,4.226,10
model,697,2.378,10
multimedia,101,4.301,10
high,446,2.824,10
integr,207,3.589,10
approach,260,3.362,10
enhanc,188,3.685,10
product,101,4.301,10
perform,112,4.199,10
sustain,103,4.282,10
experi,109,4.226,10
ass,228,3.493,10
problem,221,3.524,10
physic,272,3.317,10
teach,323,3.146,10
medic,145,3.943,10
use,650,2.448,10
scientif,172,3.773,10
literatur,143,3.956,10
effect,366,3.021,10
teacher,550,2.615,10
applic,240,3.441,10
improv,552,2.611,10
understand,213,3.56,10
program,177,3.744,10
comput,126,4.082,10
skill,493,2.724,10
junior,180,3.728,10
intern,348,3.071,10
journal,179,3.733,10
role,119,4.139,10
inform,321,3.152,10
design,286,3.267,10
cultur,300,3.219,10
literaci,235,3.462,10
elementari,249,3.405,10
bandung,101,4.301,10
indonesia,680,2.403,10
method,161,3.839,10
social,225,3.506,10
digit,131,4.043,10
studi,715,2.353,10
analysi,422,2.879,10
indonesian,404,2.922,10
commun,437,2.844,10
manag,201,3.618,10
case,265,3.343,10
higher,143,3.956,10
strategi,168,3.796,10
activ,148,3.922,10
attitud,125,4.09,10
materi,201,3.618,10
cognit,103,4.282,10
test,141,3.97,10
engin,205,3.598,10
research,307,3.196,10
concept,403,2.925,10
behavior,211,3.57,10
system,432,2.856,10
perspect,103,4.282,10
process,181,3.722,10
servic,135,4.014,10
solv,110,4.217,10
conceptu,166,3.808,10
level,110,4.217,10
preservic,157,3.864,10
primari,129,4.059,10
qualiti,130,4.051,10
influenc,120,4.13,10
toward,199,3.628,10
global,106,4.253,10
grade,124,4.098,10
languag,246,3.417,10
creativ,140,3.977,10
text,118,4.147,10
instruct,111,4.208,10
mathemat,340,3.094,10
univers,240,3.441,10
valu,134,4.021,10
review,257,3.373,10
interact,142,3.963,10
charact,182,3.717,10
english,177,3.744,10
confer,145,3.943,10
senior,125,4.09,10
game,141,3.97,10
train,138,3.992,10
theori,152,3.896,10
among,188,3.685,10
health,176,3.75,10
practic,112,4.199,10
role,532,2.834,11
suppli,362,3.218,11
chain,351,3.249,11
construct,162,4.018,11
project,214,3.742,11
analysi,777,2.455,11
small,216,3.732,11
product,391,3.141,11
indonesia,2330,1.358,11
determin,201,3.804,11
factor,418,3.074,11
qualiti,494,2.908,11
relat,103,4.468,11
studi,1191,2.029,11
case,930,2.276,11
social,722,2.529,11
medium,267,3.521,11
tourism,271,3.506,11
industri,678,2.592,11
use,484,2.928,11
manag,1168,2.048,11
develop,1112,2.097,11
impact,471,2.955,11
increas,117,4.341,11
inform,301,3.402,11
commun,492,2.912,11
region,300,3.405,11
govern,627,2.67,11
growth,116,4.35,11
improv,267,3.521,11
effect,746,2.496,11
busi,505,2.886,11
competit,220,3.714,11
perform,988,2.215,11
sme,116,4.35,11
implement,388,3.149,11
stock,176,3.936,11
model,694,2.568,11
capit,302,3.398,11
structur,153,4.075,11
compani,336,3.292,11
corpor,311,3.369,11
valu,382,3.164,11
creativ,126,4.268,11
nation,140,4.163,11
cultur,184,3.892,11
report,114,4.367,11
local,320,3.341,11
polit,101,4.487,11
econom,376,3.18,11
institut,223,3.701,11
practic,172,3.959,11
java,223,3.701,11
innov,289,3.442,11
system,476,2.945,11
semarang,113,4.376,11
perspect,309,3.376,11
base,373,3.188,11
evalu,139,4.171,11
toward,366,3.207,11
citi,566,2.772,11
urban,141,4.156,11
agricultur,108,4.421,11
sustain,580,2.747,11
network,161,4.025,11
share,118,4.333,11
infrastructur,132,4.222,11
dynam,108,4.421,11
strategi,477,2.943,11
program,159,4.037,11
exchang,109,4.412,11
integr,178,3.925,11
area,162,4.018,11
west,148,4.108,11
asean,105,4.449,11
evid,250,3.587,11
market,574,2.758,11
satisfact,315,3.356,11
relationship,304,3.392,11
invest,112,4.385,11
applic,128,4.252,11
green,182,3.903,11
behavior,346,3.263,11
financi,411,3.091,11
influenc,593,2.725,11
intent,173,3.953,11
plan,138,4.178,11
respons,165,4.0,11
work,338,3.286,11
bank,412,3.089,11
human,123,4.292,11
resourc,183,3.897,11
knowledg,239,3.632,11
organiz,288,3.446,11
employe,218,3.723,11
bandung,235,3.648,11
enterpris,242,3.619,11
water,121,4.308,11
review,158,4.043,11
public,473,2.951,11
servic,526,2.845,11
regenc,152,4.082,11
variabl,160,4.031,11
strateg,104,4.458,11
level,103,4.468,11
custom,228,3.678,11
loyalti,120,4.316,11
islam,375,3.183,11
empower,121,4.308,11
affect,136,4.192,11
commit,110,4.403,11
leadership,138,4.178,11
organ,138,4.178,11
collabor,110,4.403,11
support,154,4.069,11
empir,162,4.018,11
design,178,3.925,11
polici,437,3.03,11
sector,167,3.988,11
approach,203,3.794,11
chang,108,4.421,11
ass,146,4.122,11
environment,266,3.525,11
build,201,3.804,11
surabaya,133,4.214,11
pengaruh,132,4.222,11
good,144,4.135,11
method,129,4.245,11
provinc,125,4.276,11
success,136,4.192,11
particip,112,4.385,11
cost,131,4.229,11
price,134,4.207,11
risk,335,3.295,11
financ,145,4.129,11
firm,220,3.714,11
moder,139,4.171,11
indonesian,526,2.845,11
adopt,106,4.439,11
intern,146,4.122,11
account,163,4.012,11
mediat,172,3.959,11
safeti,111,4.394,11
earn,125,4.276,11
district,105,4.449,11
decis,133,4.214,11
challeng,120,4.316,11
food,139,4.171,11
health,200,3.809,11
technolog,166,3.994,11
process,237,3.64,11
consum,135,4.2,11
measur,158,4.043,11
countri,115,4.359,11
job,139,4.171,11
univers,103,4.468,11
educ,130,4.237,11
yogyakarta,109,4.412,11
brand,140,4.163,11
trust,108,4.421,11
framework,189,3.865,11
transport,138,4.178,11
hospit,131,4.229,11
south,109,4.412,11
tax,100,4.497,11
coal,125,4.118,12
wast,764,2.314,12
use,1073,1.975,12
evalu,213,3.588,12
seed,127,4.102,12
product,1250,1.822,12
produc,207,3.616,12
protein,108,4.263,12
biomass,195,3.676,12
fli,126,4.11,12
influenc,210,3.602,12
content,212,3.593,12
pretreat,157,3.891,12
increas,139,4.012,12
yield,259,3.393,12
chemic,323,3.173,12
composit,410,2.935,12
oil,565,2.615,12
differ,433,2.881,12
speci,165,3.842,12
indonesia,375,3.024,12
water,512,2.714,12
stress,160,3.872,12
plant,478,2.782,12
cultur,215,3.579,12
organ,286,3.294,12
carbon,153,3.917,12
sourc,148,3.95,12
salin,106,4.281,12
perform,258,3.397,12
addit,218,3.565,12
ratio,115,4.2,12
condit,126,4.11,12
qualiti,334,3.14,12
ferment,432,2.883,12
variou,152,3.923,12
local,120,4.158,12
effect,1511,1.633,12
digest,235,3.49,12
growth,745,2.339,12
applic,315,3.198,12
densiti,108,4.263,12
respons,190,3.702,12
resist,157,3.891,12
improv,215,3.579,12
husk,161,3.866,12
rumen,116,4.192,12
nitrogen,120,4.158,12
high,120,4.158,12
level,143,3.984,12
corn,194,3.681,12
dri,237,3.482,12
process,510,2.718,12
feed,204,3.631,12
nutrient,184,3.734,12
medium,212,3.593,12
system,263,3.378,12
rate,232,3.503,12
microbi,151,3.93,12
characterist,516,2.706,12
morpholog,108,4.263,12
rice,651,2.474,12
type,145,3.97,12
powder,129,4.086,12
vitro,120,4.158,12
fertil,271,3.348,12
coffe,112,4.227,12
time,162,3.86,12
field,135,4.041,12
activ,129,4.086,12
potenti,169,3.818,12
acid,291,3.277,12
seedl,112,4.227,12
resin,117,4.183,12
coconut,122,4.142,12
util,243,3.457,12
chang,115,4.2,12
materi,362,3.059,12
extract,173,3.795,12
model,127,4.102,12
flour,130,4.079,12
mechan,416,2.921,12
cassava,161,3.866,12
heat,109,4.253,12
temperatur,234,3.494,12
cocoa,104,4.3,12
optim,158,3.885,12
starch,207,3.616,12
physic,268,3.359,12
mill,113,4.218,12
analysi,271,3.348,12
physicochem,135,4.041,12
properti,762,2.317,12
tropic,115,4.2,12
concentr,214,3.583,12
palm,309,3.217,12
base,214,3.583,12
method,237,3.482,12
studi,345,3.107,12
solid,190,3.702,12
bioga,171,3.806,12
hydrolysi,106,4.281,12
bioethanol,120,4.158,12
character,175,3.783,12
bamboo,237,3.482,12
treatment,417,2.918,12
test,101,4.329,12
enhanc,136,4.034,12
strength,232,3.503,12
steel,150,3.937,12
fiber,171,3.806,12
reinforc,124,4.126,12
concret,230,3.511,12
made,143,3.984,12
particleboard,135,4.041,12
wood,404,2.95,12
board,101,4.329,12
develop,185,3.728,12
three,104,4.3,12
fruit,121,4.15,12
isol,192,3.691,12
wastewat,160,3.872,12
soybean,193,3.686,12
toler,101,4.329,12
compost,111,4.235,12
variat,123,4.134,12
liquid,193,3.686,12
soil,444,2.856,12
select,109,4.253,12
mix,103,4.31,12
bacteria,166,3.836,12
industri,133,4.056,12
anaerob,148,3.95,12
indonesian,146,3.963,12
contamin,106,4.281,12
structur,112,4.227,12
drought,105,4.29,12
sorghum,131,4.071,12
paddi,120,4.158,12
varieti,166,3.836,12
ash,205,3.626,12
geopolym,123,4.134,12
comparison,324,3.09,13
effect,114,4.129,13
detect,534,2.592,13
method,688,2.339,13
forecast,220,3.476,13
data,1238,1.752,13
use,2197,1.179,13
implement,155,3.824,13
analysi,681,2.349,13
identif,196,3.591,13
model,1553,1.525,13
imag,725,2.286,13
base,965,2.001,13
map,102,4.239,13
local,115,4.12,13
transform,277,3.246,13
perform,177,3.692,13
cluster,256,3.325,13
optim,169,3.738,13
gener,173,3.715,13
improv,128,4.014,13
function,206,3.541,13
adapt,152,3.844,13
network,407,2.863,13
select,247,3.361,13
featur,435,2.796,13
metode,237,3.402,13
studi,333,3.063,13
classif,626,2.433,13
approach,417,2.839,13
weight,167,3.75,13
machin,333,3.063,13
learn,225,3.453,13
algorithm,619,2.444,13
system,497,2.663,13
product,104,4.22,13
predict,413,2.848,13
color,112,4.147,13
develop,146,3.884,13
fuzzi,263,3.298,13
indonesia,311,3.131,13
spline,120,4.078,13
regress,439,2.787,13
fourier,130,3.999,13
seri,164,3.768,13
estim,482,2.694,13
area,118,4.095,13
klasifikasi,162,3.78,13
guna,370,2.958,13
regression,129,4.006,13
combin,137,3.947,13
kernel,131,3.991,13
applic,206,3.541,13
number,104,4.22,13
case,177,3.692,13
bayesian,162,3.78,13
java,136,3.954,13
support,357,2.993,13
paramet,190,3.622,13
graph,164,3.768,13
segment,188,3.632,13
signal,128,4.014,13
automat,121,4.07,13
field,115,4.12,13
filter,106,4.201,13
vector,480,2.698,13
measur,112,4.147,13
process,182,3.665,13
extract,186,3.643,13
determin,182,3.665,13
analisis,122,4.062,13
wavelet,181,3.67,13
time,408,2.86,13
statist,109,4.174,13
classifi,111,4.156,13
recognit,248,3.357,13
neural,278,3.243,13
pattern,126,4.03,13
linear,224,3.458,13
indonesian,183,3.659,13
hybrid,138,3.94,13
spatial,162,3.78,13
rainfal,120,4.078,13
landscap,174,4.003,14
characterist,262,3.596,14
data,205,3.84,14
habitat,167,4.044,14
use,977,2.283,14
urban,435,3.091,14
island,754,2.541,14
case,870,2.399,14
environment,168,4.038,14
water,734,2.568,14
district,783,2.504,14
develop,524,2.905,14
area,1252,2.035,14
analysi,848,2.424,14
factor,209,3.821,14
level,178,3.981,14
south,758,2.536,14
sulawesi,767,2.524,14
provinc,789,2.496,14
manag,322,3.391,14
bali,128,4.308,14
indonesia,3696,0.953,14
studi,1172,2.101,14
regenc,836,2.438,14
farm,247,3.655,14
product,261,3.6,14
rural,162,4.074,14
applic,131,4.285,14
cattl,212,3.807,14
farmer,231,3.721,14
sustain,223,3.757,14
inform,125,4.332,14
bandung,161,4.081,14
villag,439,3.081,14
model,486,2.98,14
west,1029,2.231,14
java,1800,1.672,14
disast,135,4.256,14
base,483,2.986,14
commun,624,2.73,14
agricultur,160,4.087,14
kalimantan,368,3.257,14
strategi,144,4.191,14
potenti,329,3.369,14
natur,125,4.332,14
park,205,3.84,14
north,535,2.884,14
sumatra,387,3.207,14
sediment,192,3.905,14
northern,104,4.514,14
morpholog,102,4.533,14
genet,207,3.831,14
fish,290,3.495,14
sumatera,219,3.775,14
diver,472,3.009,14
local,204,3.845,14
rice,108,4.477,14
remot,113,4.432,14
sen,100,4.553,14
surfac,136,4.248,14
tropic,377,3.233,14
lake,118,4.389,14
mangrov,260,3.604,14
forest,609,2.755,14
central,753,2.543,14
system,402,3.169,14
ass,414,3.14,14
coast,195,3.89,14
southeast,189,3.921,14
qualiti,200,3.865,14
river,349,3.31,14
region,401,3.172,14
semarang,211,3.812,14
popul,191,3.911,14
econom,146,4.178,14
structur,225,3.748,14
chang,505,2.942,14
dynam,156,4.112,14
land,711,2.6,14
growth,103,4.524,14
adapt,133,4.27,14
capac,107,4.486,14
role,104,4.514,14
coastal,517,2.918,14
climat,244,3.667,14
citi,375,3.239,14
hazard,110,4.459,14
east,594,2.78,14
vulner,116,4.406,14
differ,127,4.316,14
indonesian,157,4.106,14
small,138,4.234,14
plan,106,4.495,14
spatial,374,3.241,14
distribut,322,3.391,14
household,109,4.468,14
resourc,142,4.205,14
flood,171,4.021,14
field,125,4.332,14
perform,132,4.278,14
effect,269,3.57,14
influenc,133,4.27,14
tradit,169,4.032,14
makassar,124,4.34,14
settlement,100,4.553,14
jakarta,238,3.692,14
relationship,122,4.356,14
watersh,208,3.826,14
groundwat,124,4.34,14
evalu,169,4.032,14
suitabl,112,4.441,14
impact,395,3.187,14
conserv,195,3.89,14
identif,178,3.981,14
zone,117,4.397,14
method,180,3.97,14
subdistrict,175,3.998,14
approach,163,4.068,14
satellit,111,4.45,14
oil,195,3.89,14
marin,157,4.106,14
imag,103,4.524,14
variabl,135,4.256,14
bay,150,4.151,14
carbon,132,4.278,14
plant,179,3.975,14
veget,110,4.459,14
soil,189,3.921,14
speci,320,3.397,14
nation,174,4.003,14
eastern,103,4.524,14
yogyakarta,237,3.696,14
plantat,183,3.953,14
papua,135,4.256,14
new,108,4.477,14
determin,133,4.27,14
map,324,3.384,14
riau,107,4.486,14
landslid,138,4.234,14
activ,156,4.112,14
basin,208,3.826,14
estim,156,4.112,14
character,108,4.477,14
relat,121,4.364,14
pattern,208,3.826,14
biodivers,106,4.495,14
southern,137,4.241,14
food,170,4.026,14
mount,108,4.477,14
fisheri,122,4.356,14
condit,104,4.514,14
cover,125,4.332,14
index,115,4.415,14
ecolog,111,4.45,14
subsid,103,4.524,14
toward,106,4.495,14
preliminari,101,4.543,14
social,107,4.486,14
seagrass,120,4.372,14
ecosystem,196,3.885,14
risk,204,3.845,14
fire,144,4.191,14
palm,163,4.068,14
integr,143,4.198,14
coral,187,3.932,14
reef,114,4.423,14
daya,479,2.805,15
masyarakat,842,2.242,15
manfaat,292,3.299,15
sumber,183,3.764,15
udang,108,4.287,15
aplikasi,105,4.315,15
air,1278,1.825,15
tani,622,2.544,15
kabupaten,3679,0.768,15
model,269,3.38,15
teknologi,181,3.775,15
ikan,1057,2.015,15
studi,726,2.39,15
kasus,575,2.623,15
kota,413,2.953,15
ternak,344,3.135,15
sapi,383,3.028,15
sulawesi,362,3.084,15
selatan,505,2.752,15
kembang,764,2.339,15
terna,133,4.081,15
lanjut,240,3.494,15
lalu,233,3.523,15
sistem,261,3.41,15
kecil,101,4.354,15
perah,116,4.217,15
tingkat,527,2.71,15
rakyat,129,4.111,15
pengaruh,320,3.207,15
metode,197,3.691,15
bas,286,3.319,15
lokal,124,4.15,15
potensi,430,2.913,15
strategi,328,3.183,15
pakan,100,4.364,15
potong,152,3.948,15
kelompok,301,3.268,15
desa,1421,1.719,15
camat,1763,1.503,15
bangun,193,3.711,15
partisipasi,122,4.167,15
tambang,113,4.243,15
tradisional,101,4.354,15
daerah,758,2.347,15
kualitas,220,3.581,15
budidaya,181,3.775,15
rumput,105,4.315,15
laut,387,3.018,15
teluk,165,3.867,15
tengah,518,2.727,15
nusa,105,4.315,15
tenggara,156,3.923,15
barat,680,2.455,15
analisis,1174,1.91,15
guna,360,3.09,15
evaluasi,134,4.074,15
produksi,214,3.608,15
jawa,995,2.075,15
tentu,117,4.208,15
kaji,358,3.095,15
kelola,570,2.631,15
lingkung,224,3.563,15
pesisir,332,3.171,15
lurah,121,4.175,15
semarang,186,3.748,15
wilayah,341,3.144,15
kondisi,129,4.111,15
sosial,184,3.758,15
ekonomi,397,2.992,15
sleman,153,3.942,15
demak,112,4.251,15
kawasan,288,3.312,15
istimewa,164,3.873,15
yogyakarta,262,3.407,15
karakteristik,234,3.519,15
provinsi,855,2.227,15
peran,174,3.814,15
industri,151,3.955,15
sampah,138,4.044,15
tahan,136,4.059,15
komunitas,126,4.135,15
hubung,179,3.786,15
dapat,264,3.399,15
timur,511,2.74,15
dekat,106,4.306,15
spasial,102,4.344,15
efisiensi,131,4.096,15
tumbuh,140,4.03,15
indonesia,183,3.764,15
kerja,183,3.764,15
usahatani,160,3.897,15
padi,151,3.955,15
rumah,211,3.622,15
tangga,158,3.91,15
pulau,567,2.637,15
pola,158,3.91,15
dasar,242,3.486,15
pasar,139,4.037,15
pangan,236,3.511,15
produk,111,4.26,15
olah,275,3.358,15
limbah,147,3.982,15
sungai,185,3.753,15
lahan,267,3.388,15
dampak,178,3.791,15
upaya,130,4.104,15
konservasi,105,4.315,15
sumberdaya,143,4.009,15
bandung,130,4.104,15
dukung,114,4.234,15
nilai,142,4.016,15
usaha,399,2.987,15
airtanah,134,4.074,15
identifikasi,130,4.104,15
tanah,172,3.825,15
struktur,114,4.234,15
pantai,380,3.036,15
mangrove,163,3.879,15
ubah,124,4.15,15
hutan,160,3.897,15
sumatera,239,3.498,15
utara,395,2.997,15
jenis,100,4.364,15
ekosistem,115,4.225,15
nelayan,242,3.486,15
wisata,212,3.617,15
jepara,113,4.243,15
batu,116,4.217,15
tahun,157,3.916,15
program,201,3.671,15
karang,162,3.885,15
tanam,134,4.074,15
kalimantan,157,3.916,15
hasil,254,3.438,15
tangkap,471,2.822,15
labuh,154,3.935,15
aceh,126,4.135,15
gunungkidul,109,4.278,15
alat,112,4.251,15
meta,116,4.217,15
pariwisata,140,4.03,15
bantul,122,4.167,15
olah,222,3.721,16
limbah,776,2.472,16
cair,386,3.17,16
industri,120,4.332,16
guna,1059,2.162,16
pengaruh,1594,1.753,16
logam,157,4.065,16
larut,244,3.627,16
efektivitas,147,4.131,16
warna,149,4.117,16
katalis,286,3.468,16
metode,523,2.866,16
turun,322,3.35,16
konsentrasi,302,3.414,16
studi,244,3.627,16
sifat,414,3.1,16
fisikokimia,106,4.455,16
membran,138,4.193,16
kitosan,170,3.986,16
modifikasi,139,4.186,16
isolasi,309,3.391,16
selulosa,124,4.3,16
kulit,485,2.942,16
optimasi,105,4.464,16
waktu,159,4.053,16
model,131,4.245,16
etanol,348,3.273,16
proses,431,3.06,16
fermentasi,455,3.005,16
produksi,421,3.083,16
pakan,685,2.597,16
putih,227,3.699,16
evaluasi,112,4.401,16
kualitas,358,3.245,16
produk,252,3.595,16
bagai,179,3.935,16
bahan,652,2.646,16
baku,129,4.26,16
hasil,379,3.188,16
lokal,128,4.268,16
cerna,188,3.886,16
kerja,114,4.383,16
tumbuh,341,3.293,16
ikan,604,2.723,16
tambah,595,2.738,16
enzim,206,3.795,16
domba,140,4.179,16
serat,145,4.144,16
kasar,124,4.3,16
nilai,117,4.357,16
buah,406,3.119,16
nila,105,4.464,16
tingkat,451,3.014,16
lele,117,4.357,16
lalu,257,3.575,16
aplikasi,206,3.795,16
udang,116,4.366,16
beri,741,2.519,16
suplementasi,138,4.193,16
and,124,4.3,16
karakteristik,379,3.188,16
daging,231,3.681,16
sapi,251,3.599,16
asap,108,4.437,16
tepung,607,2.718,16
tulang,112,4.401,16
alami,137,4.201,16
daun,894,2.331,16
ekstrak,1541,1.787,16
sumber,110,4.418,16
jantan,186,3.897,16
sel,485,2.942,16
toksisitas,123,4.308,16
darah,273,3.515,16
air,411,3.107,16
aktif,204,3.805,16
manfaat,310,3.388,16
kombinasi,255,3.583,16
minyak,596,2.736,16
daya,137,4.201,16
antibakteri,294,3.441,16
bakteri,596,2.736,16
hambat,140,4.179,16
merah,241,3.639,16
uji,762,2.491,16
potensi,324,3.344,16
batang,167,4.004,16
jagung,100,4.513,16
efek,329,3.329,16
tikus,451,3.014,16
induksi,179,3.935,16
pangan,101,4.503,16
aktivitas,1110,2.115,16
fisik,338,3.302,16
padat,104,4.474,16
sintesis,761,2.492,16
senyawa,616,2.703,16
ubah,137,4.201,16
mutu,114,4.383,16
lama,301,3.418,16
campur,123,4.308,16
lemak,269,3.53,16
simpan,149,4.117,16
variasi,147,4.131,16
sedia,136,4.208,16
kadar,658,2.637,16
analisis,277,3.5,16
biji,278,3.497,16
beberapa,101,4.503,16
kandung,468,2.977,16
suhu,144,4.151,16
kaji,220,3.73,16
protein,481,2.95,16
organoleptik,101,4.503,16
dasar,172,3.975,16
karakterisasi,427,3.069,16
jumlah,169,3.992,16
ayam,448,3.021,16
broiler,199,3.83,16
ransum,246,3.619,16
bas,196,3.845,16
sawit,169,3.992,16
kayu,168,3.998,16
asam,837,2.397,16
vitro,283,3.479,16
kimia,299,3.424,16
rumput,137,4.201,16
laut,168,3.998,16
telur,245,3.623,16
ampas,117,4.357,16
ekstraksi,240,3.643,16
berat,130,4.253,16
buat,490,2.931,16
identifikasi,175,3.957,16
reaksi,131,4.245,16
jadi,128,4.268,16
formulasi,157,4.065,16
asetat,162,4.034,16
kelapa,211,3.771,16
beda,295,3.438,16
kembang,161,4.04,16
karbon,102,4.493,16
total,206,3.795,16
tinggi,125,4.292,16
adsorben,105,4.464,16
susu,182,3.918,16
kambing,159,4.053,16
kedelai,120,4.332,16
laktat,193,3.86,16
isolat,103,4.484,16
substitusi,100,4.513,16
kolesterol,107,4.446,16
tanam,113,4.392,16
antioksidan,460,2.995,16
mencit,343,3.287,16
profil,171,3.98,16
wistar,101,4.503,16
kanker,194,3.855,16
payudara,123,4.308,16
probiotik,162,4.034,16
fraksi,208,3.786,16
biodiesel,102,4.493,16
nanopartikel,107,4.446,16
etil,109,4.427,16
jenis,130,4.253,16
mus,155,4.078,16
musculus,147,4.131,16
ekspresi,159,4.053,16
hijau,114,4.383,16
curcuma,102,4.493,16
itik,132,4.238,16
growth,197,3.756,17
respons,142,4.082,17
qualiti,504,2.82,17
life,333,3.233,17
patient,2123,1.384,17
oral,180,3.846,17
effect,924,2.215,17
perform,133,4.147,17
syndrom,276,3.421,17
viru,111,4.326,17
dietari,109,4.344,17
affect,112,4.317,17
activ,169,3.909,17
resist,132,4.154,17
differ,206,3.712,17
pregnant,190,3.792,17
woman,434,2.969,17
risk,576,2.687,17
factor,740,2.437,17
cow,100,4.43,17
rate,110,4.335,17
statu,374,3.118,17
pregnanc,152,4.014,17
nutrit,250,3.519,17
birth,114,4.3,17
matern,178,3.857,17
bodi,220,3.646,17
score,106,4.372,17
type,388,3.081,17
influenc,138,4.11,17
improv,247,3.531,17
supplement,239,3.564,17
profil,233,3.589,17
acid,107,4.363,17
system,169,3.909,17
use,393,3.068,17
femal,101,4.42,17
diabet,582,2.676,17
infect,413,3.019,17
sever,169,3.909,17
concentr,112,4.317,17
level,810,2.346,17
correl,378,3.107,17
weight,216,3.665,17
studi,743,2.433,17
age,278,3.413,17
toward,126,4.2,17
therapi,267,3.454,17
mellitu,328,3.249,17
review,200,3.741,17
model,263,3.469,17
adolesc,229,3.607,17
health,773,2.393,17
bandung,101,4.42,17
indonesia,1276,1.892,17
among,742,2.434,17
year,218,3.656,17
child,755,2.417,17
surabaya,170,3.903,17
intak,155,3.995,17
blood,343,3.204,17
glucos,102,4.41,17
high,137,4.117,17
insulin,117,4.274,17
index,173,3.886,17
plasma,106,4.372,17
increas,149,4.034,17
serum,306,3.318,17
pulmonari,250,3.519,17
function,181,3.841,17
worker,152,4.014,17
reduc,104,4.391,17
analysi,355,3.17,17
base,257,3.492,17
hospit,706,2.484,17
impact,125,4.208,17
java,125,4.208,17
manag,172,3.891,17
stress,103,4.4,17
hypertens,171,3.897,17
clinic,310,3.305,17
characterist,150,4.027,17
chronic,278,3.413,17
report,142,4.082,17
gene,285,3.389,17
role,168,3.915,17
cancer,308,3.311,17
jakarta,161,3.957,17
case,208,3.702,17
associ,545,2.742,17
physic,110,4.335,17
elderli,186,3.814,17
low,116,4.282,17
commun,210,3.693,17
hepat,109,4.344,17
gener,177,3.863,17
polymorph,283,3.396,17
indonesian,594,2.656,17
coronari,122,4.232,17
heart,100,4.43,17
diseas,555,2.724,17
support,134,4.139,17
ass,126,4.2,17
earli,138,4.11,17
incid,131,4.162,17
predict,104,4.391,17
protein,204,3.722,17
goat,130,4.169,17
milk,138,4.11,17
servic,112,4.317,17
hiv,151,4.021,17
genet,110,4.335,17
obes,187,3.808,17
adult,183,3.83,17
trial,103,4.4,17
prevent,203,3.727,17
vitamin,213,3.679,17
famili,246,3.535,17
nurs,177,3.863,17
efficaci,118,4.266,17
behavior,205,3.717,17
knowledg,136,4.125,17
mother,184,3.824,17
intervent,132,4.154,17
relat,207,3.707,17
determin,104,4.391,17
treatment,324,3.261,17
dental,117,4.274,17
develop,189,3.798,17
relationship,312,3.298,17
consumpt,100,4.43,17
outcom,144,4.068,17
food,104,4.391,17
preval,216,3.665,17
school,110,4.335,17
comparison,155,3.995,17
district,115,4.291,17
citi,148,4.041,17
mass,115,4.291,17
primari,177,3.863,17
stroke,147,4.047,17
yogyakarta,138,4.11,17
control,199,3.746,17
evalu,119,4.257,17
popul,155,3.995,17
infant,100,4.43,17
center,165,3.933,17
area,138,4.11,17
acut,218,3.656,17
tuberculosi,325,3.258,17
cohort,115,4.291,17
helicobact,116,4.282,17
pylorus,117,4.274,17
program,106,4.372,17
peopl,100,4.43,17
disord,115,4.291,17
makassar,102,4.41,17
hubung,1316,1.678,18
tubuh,126,4.017,18
gigi,105,4.197,18
ganggu,169,3.725,18
obat,323,3.08,18
perilaku,539,2.569,18
informasi,111,4.142,18
sehat,731,2.265,18
remaja,474,2.697,18
kota,947,2.006,18
bandung,129,3.993,18
hidup,354,2.989,18
orang,174,3.696,18
desa,171,3.713,18
dasar,334,3.047,18
didik,147,3.864,18
status,376,2.929,18
sosial,197,3.573,18
faktorfaktor,269,3.262,18
pengaruh,870,2.091,18
tingkat,623,2.425,18
konsumsi,269,3.262,18
gambar,310,3.121,18
darah,360,2.972,18
infeksi,181,3.657,18
studi,440,2.772,18
pola,289,3.191,18
fisik,152,3.83,18
gizi,538,2.571,18
sekolah,197,3.573,18
keluarga,353,2.991,18
balita,260,3.296,18
dukung,153,3.824,18
beri,256,3.312,18
puskesmas,536,2.575,18
makan,332,3.053,18
faktor,617,2.434,18
risiko,391,2.89,18
ibu,554,2.542,18
asupan,204,3.538,18
anak,864,2.098,18
daerah,181,3.657,18
rumah,780,2.2,18
bayi,235,3.397,18
tahu,394,2.882,18
asuh,199,3.562,18
kerja,540,2.567,18
wanita,187,3.624,18
beda,173,3.702,18
zat,127,4.009,18
puas,138,3.926,18
layan,318,3.096,18
pasien,1115,1.843,18
sakit,918,2.037,18
surabaya,183,3.646,18
program,231,3.414,18
hamil,299,3.157,18
pangan,112,4.133,18
bulan,143,3.891,18
jadi,593,2.474,18
usia,479,2.687,18
analisis,613,2.441,18
berat,132,3.97,18
badan,127,4.009,18
indonesia,197,3.573,18
model,221,3.458,18
stres,101,4.236,18
kadar,276,3.237,18
wilayah,338,3.035,18
kabupaten,678,2.34,18
kualitas,292,3.181,18
lingkung,223,3.449,18
masyarakat,191,3.603,18
semarang,443,2.765,18
tengah,114,4.116,18
provinsi,128,4.001,18
jawa,165,3.749,18
karakteristik,162,3.767,18
kasus,245,3.355,18
guna,437,2.779,18
metode,186,3.63,18
camat,357,2.98,18
laksana,185,3.635,18
sistem,125,4.025,18
tua,104,4.207,18
dini,120,4.065,18
kembang,144,3.884,18
lurah,146,3.87,18
lansia,156,3.805,18
tahun,741,2.251,18
patuh,141,3.905,18
jalan,230,3.418,18
paru,212,3.499,18
medan,277,3.233,18
sikap,192,3.598,18
tuberkulosis,149,3.85,18
diri,106,4.188,18
bas,139,3.919,18
terapi,243,3.364,18
rawat,397,2.874,18
inap,256,3.312,18
evaluasi,188,3.619,18
rsup,247,3.347,18
yogyakarta,340,3.029,18
instalasi,119,4.073,18
ruang,135,3.948,18
sardjito,115,4.107,18
kanker,236,3.393,18
makassar,254,3.32,18
derita,385,2.905,18
turun,149,3.85,18
diabetes,217,3.476,18
lalu,161,3.773,18
latih,123,4.041,18
rsud,301,3.15,18
cegah,236,3.393,18
awat,515,2.615,18
upaya,128,4.001,18
peran,136,3.941,18
tipe,174,3.696,18
obesitas,157,3.798,18
melitus,121,4.057,18
terap,124,4.032,18
umum,164,3.755,18
hipertensi,151,3.837,18
2017,103,4.216,18
2013,105,4.197,18
demam,164,3.755,18
dengue,154,3.817,18
persepsi,142,3.898,18
tekan,103,4.216,18
